0.0,10000000.0000027753413,22/11/25 14:59:25, N:521,Notes: TinyGTC INT GPS, OUT 10Mhz
1.0,9999999.9999745488167
2.0,10000000.0000060759485
3.0,10000000.0000007599592
4.0,10000000.0000301264226
5.0,10000000.0000049136579
6.0,10000000.0000384468585
7.0,10000000.0000043697655
8.0,10000000.0000527966768
9.0,10000000.0000015329570
10.0,10000000.0000093504786
11.0,10000000.0000094901770
12.0,10000000.0000511817634
13.0,10000000.0000555813313
14.0,10000000.0000240784138
15.0,10000000.0000076331198
16.0,10000000.0000678207725
17.0,10000000.0000129099935
18.0,10000000.0000487081707
19.0,10000000.0000243112445
20.0,10000000.0000310093164
21.0,10000000.0000822152942
22.0,10000000.0000260807574
23.0,10000000.0000283103436
24.0,9999999.9999789725989
25.0,10000000.0000229179859
26.0,10000000.0000688377768
27.0,9999999.9999834895134
28.0,10000000.0000379588455
29.0,10000000.0000414941460
30.0,10000000.0000384431332
31.0,10000000.0000007934868
32.0,10000000.0000818539411
33.0,10000000.0000363066792
34.0,10000000.0000083316118
35.0,9999999.9999765995890
36.0,10000000.0000155381858
37.0,10000000.0000013075769
38.0,10000000.0000586230308
39.0,10000000.0000234376639
40.0,10000000.0000132825226
41.0,10000000.0000156871974
42.0,9999999.9999961853027
43.0,10000000.0000082161278
44.0,9999999.9999751113355
45.0,10000000.0000619124621
46.0,9999999.9999861866236
47.0,10000000.0000277590007
48.0,10000000.0000312514603
49.0,10000000.0000517945737
50.0,10000000.0000116452575
51.0,10000000.0000000167638
52.0,9999999.9999829102308
53.0,10000000.0000195298344
54.0,10000000.0000371709466
55.0,10000000.0000138692558
56.0,10000000.0000075343996
57.0,9999999.9999975617975
58.0,10000000.0000137276947
59.0,10000000.0000479239970
60.0,10000000.0000109765679
61.0,10000000.0000284742564
62.0,9999999.9999987836927
63.0,9999999.9999941140413
64.0,10000000.0000317599624
65.0,10000000.0000469610095
66.0,10000000.0000128503889
67.0,9999999.9999974668026
68.0,10000000.0000807084143
69.0,10000000.0000599492341
70.0,10000000.0000060349703
71.0,9999999.9999879449606
72.0,10000000.0000224281102
73.0,10000000.0000680703670
74.0,10000000.0000140760094
75.0,10000000.0000138394535
76.0,9999999.9999465737492
77.0,10000000.0000198334455
78.0,10000000.0000027976930
79.0,10000000.0000165440142
80.0,9999999.9999946989119
81.0,10000000.0000317245722
82.0,10000000.0000503044575
83.0,10000000.0000156797469
84.0,9999999.9999381471425
85.0,10000000.0000508464873
86.0,10000000.0000120606273
87.0,9999999.9999762512743
88.0,9999999.9999977257103
89.0,9999999.9999730493873
90.0,9999999.9999964516610
91.0,10000000.0001227743924
92.0,9999999.9999997448176
93.0,10000000.0000217966735
94.0,10000000.0000241044909
95.0,9999999.9999442677945
96.0,9999999.9999836031348
97.0,10000000.0000294931233
98.0,9999999.9999890830368
99.0,9999999.9999794475734
100.0,10000000.0000266078860
101.0,9999999.9999822787941
102.0,9999999.9999969080091
103.0,9999999.9999618474394
104.0,9999999.9999852776527
105.0,10000000.0000313408673
106.0,9999999.9999731685966
107.0,9999999.9999694451690
108.0,10000000.0000299420208
109.0,9999999.9999166727066
110.0,10000000.0001106467098
111.0,10000000.0000336486846
112.0,9999999.9999921601266
113.0,9999999.9999692328274
114.0,10000000.0000184476376
115.0,10000000.0000203195959
116.0,10000000.0000133998692
117.0,10000000.0000903848559
118.0,10000000.0000228974968
119.0,9999999.9999905284494
120.0,9999999.9999781660736
121.0,10000000.0000083018094
122.0,10000000.0000431314111
123.0,10000000.0000172574073
124.0,10000000.0000221114606
125.0,10000000.0000233892351
126.0,9999999.9999577272683
127.0,9999999.9999982211739
128.0,10000000.0000295061618
129.0,10000000.0000292044133
130.0,9999999.9999703541398
131.0,9999999.9999708551914
132.0,9999999.9999577179551
133.0,10000000.0000132229179
134.0,10000000.0000109486282
135.0,10000000.0000117607415
136.0,10000000.0000608041883
137.0,10000000.0000235009938
138.0,9999999.9999809712172
139.0,9999999.9999940097332
140.0,9999999.9999419935048
141.0,10000000.0000207964331
141.99,10000000.0000081490725
142.99,9999999.9999779742211
144.0,9999999.9999897051603
144.99,10000000.0000188071281
145.99,10000000.0000372994691
146.99,9999999.9999699797481
147.99,9999999.9999615419656
148.99,9999999.9999850597233
149.99,9999999.9999908078462
150.99,9999999.9999949689955
151.99,10000000.0000473484397
152.99,9999999.9998768549412
153.99,10000000.0000400450081
154.99,10000000.0000220295042
155.99,10000000.0000375639647
156.99,10000000.0000140387565
157.99,10000000.0000010970980
158.99,10000000.0000426899642
159.99,9999999.9999987613410
160.99,10000000.0000100526959
161.99,10000000.0000263005495
162.99,10000000.0000284928828
163.99,9999999.9999491814524
164.99,10000000.0000050310045
165.99,10000000.0000061839819
166.99,10000000.0000255573541
167.99,10000000.0000792630017
168.99,10000000.0000423863530
169.99,9999999.9999473299831
170.99,10000000.0000294372439
171.99,10000000.0000105258077
172.99,10000000.0000007767230
173.99,10000000.0000215191394
174.99,10000000.0000006724149
175.99,10000000.0000233314931
176.99,10000000.0000354405493
177.99,9999999.9999927747995
178.99,10000000.0000206958503
179.99,10000000.0000029075891
180.99,9999999.9999960102141
181.99,10000000.0000077765435
182.99,10000000.0000725947320
183.99,9999999.9999839309603
184.99,10000000.0000221170485
185.99,9999999.9999991673976
186.99,10000000.0000116750598
187.99,10000000.0000115074217
188.99,9999999.9999820441008
189.99,9999999.9999617803842
190.99,10000000.0000257343054
191.99,10000000.0000125374645
192.99,10000000.0000015888363
193.99,10000000.0000151488930
194.99,10000000.0000182520598
195.99,9999999.9999921489507
196.99,10000000.0000299438834
197.99,9999999.9999778158963
198.99,10000000.0000146497041
199.99,9999999.9999623037875
200.99,9999999.9998974911869
201.99,10000000.0000986382365
202.99,9999999.9999627005309
203.99,10000000.0000542346388
204.99,10000000.0000096261501
205.99,9999999.9999992921948
206.99,9999999.9999631028622
207.99,10000000.0000361073762
208.99,10000000.0000053606927
209.99,10000000.0000771880150
210.99,10000000.0000352896750
211.99,10000000.0000404790044
212.99,10000000.0000165067613
213.99,10000000.0000327602029
214.99,10000000.0000402703881
215.99,10000000.0000081956387
216.99,10000000.0000275298953
217.99,10000000.0000354405493
218.99,10000000.0000401642174
219.99,10000000.0000380650163
220.99,10000000.0000441800803
221.99,10000000.0000431984663
222.99,10000000.0000192765146
223.99,10000000.0000104065984
224.99,10000000.0000483002514
225.99,10000000.0000172778964
226.99,10000000.0000453572720
227.99,10000000.0000356510282
228.99,9999999.9999919701368
229.99,10000000.0000002682209
230.99,9999999.9999908618629
231.99,10000000.0000651441514
232.99,9999999.9999650772661
233.99,9999999.9999907407910
234.99,10000000.0000188276172
235.99,9999999.9999855458736
236.99,10000000.0000211074948
237.99,10000000.0000584851950
238.99,10000000.0000280905515
239.99,10000000.0000935699791
240.99,10000000.0000426936895
241.99,10000000.0000419951975
242.99,9999999.9999870229512
243.99,10000000.0000358894467
244.99,10000000.0000361539423
245.99,10000000.0000058859587
246.99,10000000.0000337976962
247.99,10000000.0000235382468
248.99,10000000.0000293683261
249.99,10000000.0000165626407
250.99,9999999.9999888576567
251.99,10000000.0000004619360
252.99,10000000.0000207573175
253.99,9999999.9999995250255
254.99,10000000.0000460464507
255.99,10000000.0000703018159
256.99,10000000.0000339448452
257.99,10000000.0000510476530
258.99,10000000.0000135302544
259.99,10000000.0000185053796
260.99,10000000.0000271163881
261.99,10000000.0000117104501
262.99,9999999.9999682214111
263.99,10000000.0000801235437
264.99,9999999.9999875035137
265.99,9999999.9999780301005
266.99,10000000.0000302903354
267.99,9999999.9999835416675
268.99,9999999.9999763257802
269.99,9999999.9999870061874
270.99,10000000.0000003520399
271.99,10000000.0000322777778
272.99,9999999.9999898001552
273.99,10000000.0000054128468
274.99,10000000.0000373236835
275.99,9999999.9999933596700
276.99,9999999.9999794512987
277.99,10000000.0000135675073
278.99,9999999.9999765325338
279.99,9999999.9999979194254
280.99,9999999.9999831020832
281.99,9999999.9999706018716
282.99,9999999.9999558478594
283.99,10000000.0000100135803
284.99,10000000.0000315085053
285.99,9999999.9999729190022
286.99,10000000.0000026319176
287.99,9999999.9999939743429
288.99,9999999.9999470189214
289.99,9999999.9999914430082
290.99,9999999.9999928679317
291.99,10000000.0000074170530
292.99,10000000.0000070892274
293.99,9999999.9999376256019
294.99,10000000.0000036861748
295.99,9999999.9999952483922
296.99,10000000.0000074692070
297.99,9999999.9999527577311
298.99,9999999.9999993350357
299.99,10000000.0000197254121
300.99,9999999.9999789074063
301.99,9999999.9999930467457
302.99,10000000.0000010728836
303.99,9999999.9999973382801
304.99,10000000.0000162869692
305.99,9999999.9999907314777
306.99,9999999.9999987278134
307.99,10000000.0000026766211
308.99,10000000.0000197514892
309.99,9999999.9999813493341
310.99,9999999.9999627415091
311.99,10000000.0000096745789
312.99,10000000.0000311154872
313.99,9999999.9999840855598
314.99,10000000.0000336151570
315.99,10000000.0000070333481
316.99,10000000.0000093895942
317.99,9999999.9998647160828
318.99,10000000.0001031104475
319.99,10000000.0000281967223
320.99,10000000.0000342912972
321.99,10000000.0000073574483
322.99,10000000.0000074990094
323.99,9999999.9999963566661
324.99,9999999.9999917503446
325.99,10000000.0000377912074
326.99,10000000.0000150669366
327.99,10000000.0000431146473
328.99,9999999.9999777469784
329.99,10000000.0000625774264
330.99,10000000.0000351853669
331.99,10000000.0000226888806
332.99,10000000.0000074692070
333.99,10000000.0000590682030
334.99,9999999.9999968763441
335.99,10000000.0000267587602
336.99,10000000.0000314526260
337.99,10000000.0000245030969
338.99,10000000.0000107828528
339.99,10000000.0000115148723
340.99,10000000.0000304523855
341.99,10000000.0000121723861
342.99,10000000.0000115092844
343.99,10000000.0000005438924
344.99,10000000.0000515356660
345.99,9999999.9999971874058
346.99,10000000.0000292658806
347.99,10000000.0000404771417
348.99,9999999.9999955520034
349.99,10000000.0000352412462
350.99,10000000.0000289157033
351.99,10000000.0000184737146
352.99,9999999.9999839793891
353.99,10000000.0000011827797
354.99,10000000.0000414531678
355.99,10000000.0000200644135
356.99,9999999.9999795779586
357.99,10000000.0000008288771
358.99,10000000.0000160168856
359.99,10000000.0000594537705
360.99,10000000.0000342149287
361.99,10000000.0000371318310
362.99,9999999.9999988600612
363.99,10000000.0000049043447
364.99,10000000.0000197291374
365.99,9999999.9999563079327
366.99,10000000.0000367891043
367.99,10000000.0000031478703
368.99,10000000.0000097528100
369.99,10000000.0000040363520
370.99,10000000.0000265073031
371.99,10000000.0000014863908
372.99,9999999.9999734666198
373.99,10000000.0000051558018
374.99,10000000.0000242684036
375.99,9999999.9999808687717
376.99,10000000.0000009965152
377.99,10000000.0000365320593
378.99,10000000.0000045467168
379.99,9999999.9999820888042
380.99,9999999.9999925047159
381.99,10000000.0000462457538
382.99,9999999.9999976567924
383.99,9999999.9999858960509
384.99,10000000.0000220239162
385.99,10000000.0000287648290
386.99,9999999.9999674558640
387.99,10000000.0000190231949
388.99,10000000.0000243838876
389.99,9999999.9999856799841
390.99,9999999.9999600332230
391.99,10000000.0000493135303
392.99,10000000.0000196378678
393.99,10000000.0000154692680
394.99,10000000.0000497829169
395.99,9999999.9999818075448
396.99,9999999.9999940972775
397.99,10000000.0000001844019
398.99,9999999.9999881498516
399.99,9999999.9999946616590
400.99,10000000.0000374894589
401.99,10000000.0000150576234
402.99,10000000.0000058487058
403.99,10000000.0000130031258
404.99,9999999.9999980833381
405.99,10000000.0000438503921
406.99,10000000.0000109542161
407.99,10000000.0000313892961
408.99,10000000.0000358298421
409.99,10000000.0000324789435
410.99,9999999.9999916199595
411.99,9999999.9999883342534
412.99,9999999.9999966956675
413.99,10000000.0000043269247
414.99,10000000.0000140201300
415.99,10000000.0000209752470
416.99,10000000.0000191591680
417.99,10000000.0000437218696
418.99,10000000.0000280924141
419.99,10000000.0000190753490
420.99,10000000.0000285413116
421.98,10000000.0000026244670
422.98,9999999.9999844525009
423.98,10000000.0000571366400
424.98,10000000.0000265035778
425.98,10000000.0000277850777
426.98,10000000.0000135116279
427.98,10000000.0000155325979
428.98,10000000.0000245254487
429.98,10000000.0000160131603
430.98,10000000.0000367481261
431.98,10000000.0000362507999
432.98,10000000.0000113155693
433.98,10000000.0000107679516
434.98,9999999.9999997131526
435.98,10000000.0000167563558
436.98,10000000.0000254195184
437.98,10000000.0000030118972
438.98,10000000.0000455714762
439.98,10000000.0000180155039
440.98,10000000.0000216960907
441.98,10000000.0000129137188
442.98,10000000.0000199694186
443.98,10000000.0000301804394
444.98,10000000.0000029988587
445.98,10000000.0000245068222
446.98,10000000.0000155456364
447.98,10000000.0000145714730
448.98,10000000.0000176168978
449.98,10000000.0000077541918
450.98,10000000.0000220388174
451.98,10000000.0000051259995
452.98,10000000.0000180713832
453.98,10000000.0000465735793
454.98,10000000.0000060405582
455.98,10000000.0000119190663
456.98,9999999.9999826867133
457.98,10000000.0000115837902
458.98,10000000.0000790096819
459.98,9999999.9999913796782
460.98,10000000.0000310204923
461.98,10000000.0000626593828
462.98,10000000.0000425036997
463.98,10000000.0000294893980
464.98,10000000.0000006686896
465.98,10000000.0000295769423
466.98,10000000.0000000558794
467.98,10000000.0000263694674
468.98,10000000.0000029392540
469.98,10000000.0000173170120
470.98,10000000.0000126343220
471.98,10000000.0000174194574
472.98,10000000.0000271573663
473.98,10000000.0000322014093
474.98,10000000.0000211838633
475.98,10000000.0000776760280
476.98,10000000.0000113788992
477.98,10000000.0000259466469
478.98,10000000.0000558812171
479.98,10000000.0000186506659
480.98,10000000.0000061467290
481.98,10000000.0000296439976
482.98,10000000.0000107325613
483.98,10000000.0000668931752
484.98,10000000.0000234711915
485.98,10000000.0000320952386
486.98,10000000.0000602062792
487.98,10000000.0000004228204
488.98,10000000.0000474322587
489.98,10000000.0000384394079
490.98,10000000.0000403262675
491.98,10000000.0000507161021
492.98,10000000.0000039804727
493.98,9999999.9999866317958
494.98,10000000.0000486318022
495.98,9999999.9999989606440
496.98,9999999.9999875463545
497.98,10000000.0000239573419
498.98,10000000.0000328551978
499.98,10000000.0000203363597
500.98,10000000.0000091250986
501.98,10000000.0000114645809
502.98,10000000.0000180844218
503.98,10000000.0000382624567
504.98,10000000.0000226926059
505.98,10000000.0000238269567
506.98,10000000.0000397767872
507.98,10000000.0000492427498
508.98,9999999.9999987632036
509.98,10000000.0000403821468
510.98,10000000.0000339336693
511.98,10000000.0000082459301
512.98,10000000.0000308826566
513.98,9999999.9999812804163
514.98,10000000.0000019893050
515.98,9999999.9999937769026
516.98,10000000.0000175014138
517.98,9999999.9999782759696
518.98,10000000.0000669155270
519.98,10000000.0000334717333
0.0,9999999.9999720361084,22/11/25 15:18:35, N:2830,Notes: TinyGTC INT GPS, OUT 10Mhz
1.0,10000000.0000137872994
2.0,10000000.0000496096909
3.0,10000000.0000135786831
4.0,10000000.0000140815973
5.0,10000000.0000398345292
6.0,10000000.0000200122595
7.0,9999999.9999889973551
8.0,9999999.9999568276107
9.0,9999999.9999769795686
10.0,10000000.0000226087868
11.0,10000000.0000406913459
12.0,9999999.9999812394381
13.0,10000000.0000012144446
14.0,9999999.9999631643295
15.0,10000000.0000302772969
16.0,9999999.9999723080546
17.0,9999999.9999958183616
18.0,9999999.9999854955822
19.0,9999999.9999827258289
20.0,10000000.0000205934048
21.0,10000000.0000639893115
22.0,10000000.0000472217798
23.0,9999999.9999994039536
24.0,10000000.0000011157244
25.0,10000000.0000234879553
26.0,10000000.0000013895333
27.0,10000000.0000398196280
28.0,10000000.0000365860760
29.0,10000000.0000047236681
30.0,10000000.0000200700015
31.0,10000000.0000011827797
32.0,10000000.0000048372895
33.0,10000000.0000153053552
34.0,10000000.0000609811395
35.0,9999999.9999738130718
36.0,9999999.9999701268971
37.0,9999999.9999907389283
38.0,10000000.0000598244369
39.0,10000000.0000115819275
40.0,10000000.0000895075500
41.0,9999999.9999489951879
42.0,10000000.0000513233244
43.0,10000000.0000342223793
44.0,10000000.0000190548599
45.0,10000000.0000201594085
46.0,10000000.0000162031502
47.0,10000000.0000222008675
48.0,10000000.0000287368894
49.0,9999999.9999720752239
50.0,10000000.0000154729933
51.0,9999999.9999914150685
52.0,9999999.9999315440655
53.0,10000000.0000309385359
54.0,9999999.9999886378646
55.0,10000000.0000218134373
56.0,9999999.9999928679317
57.0,10000000.0000219158828
58.0,10000000.0000114683062
59.0,10000000.0000255610794
60.0,10000000.0000243373215
61.0,10000000.0000550262630
62.0,9999999.9999950956553
63.0,10000000.0000263694674
64.0,10000000.0000541135669
65.0,10000000.0000049471855
66.0,10000000.0000222492963
67.0,10000000.0000389441848
68.0,9999999.9999948814511
69.0,10000000.0000011567026
70.0,10000000.0000398159027
71.0,10000000.0000249482691
72.0,10000000.0000246092677
73.0,10000000.0000555142760
74.0,9999999.9999662470073
75.0,10000000.0000024400651
76.0,10000000.0000149272382
77.0,10000000.0000371355563
78.0,10000000.0000589191914
79.0,10000000.0000270996243
80.0,10000000.0000115558505
81.0,10000000.0000624805689
82.0,10000000.0000055078417
83.0,10000000.0000342652202
84.0,10000000.0000446345657
85.0,10000000.0000271219760
86.0,10000000.0000368431211
87.0,10000000.0000020097941
88.0,10000000.0000672843307
89.0,10000000.0000315401703
90.0,10000000.0000531319529
91.0,9999999.9999775961041
92.0,9999999.9999728705734
93.0,9999999.9999793171883
94.0,10000000.0000255834311
95.0,9999999.9999913536012
96.0,10000000.0000321045518
97.0,10000000.0000181198120
98.0,9999999.9999690372497
99.0,10000000.0000796038657
100.0,10000000.0000159293413
101.0,9999999.9999908115715
102.0,10000000.0000422112644
103.0,10000000.0000376235694
104.0,10000000.0000123586506
105.0,10000000.0000276528299
106.0,10000000.0000424012542
107.0,9999999.9999846946448
108.0,10000000.0000330992043
109.0,10000000.0000070594251
110.0,10000000.0000409036875
111.0,10000000.0000574011356
112.0,10000000.0000006295741
113.0,10000000.0000549796969
114.0,9999999.9999734815210
115.0,10000000.0000296942890
116.0,10000000.0000189673156
117.0,10000000.0000178813934
118.0,10000000.0000309515744
119.0,10000000.0000733081251
120.0,10000000.0000658817589
121.0,10000000.0000196993351
122.0,10000000.0000582635403
123.0,9999999.9999807011336
124.0,10000000.0000225417316
125.0,9999999.9999407660216
126.0,10000000.0000365283340
127.0,10000000.0000513847917
128.0,10000000.0000494681299
129.0,10000000.0000256504864
130.0,9999999.9999974872917
131.0,10000000.0000266749412
132.0,9999999.9999910630286
133.0,10000000.0000152941793
134.0,9999999.9999997634441
135.0,10000000.0000408105552
136.0,10000000.0000094156712
137.0,10000000.0000428799540
138.0,9999999.9999924283475
138.99,10000000.0000176839530
139.99,10000000.0000002607703
140.99,10000000.0000104848295
141.99,9999999.9999537169933
142.99,10000000.0000322628766
143.99,10000000.0000657439232
144.99,10000000.0000096131116
145.99,10000000.0000355988741
146.99,10000000.0000249687582
147.99,10000000.0000213384628
148.99,9999999.9999856483191
149.99,9999999.9999983906746
150.99,10000000.0000272989273
151.99,10000000.0000268574804
152.99,10000000.0000728126615
153.99,10000000.0000174418092
155.0,10000000.0000076629221
155.99,9999999.9999980926514
156.99,10000000.0000141877681
157.99,10000000.0000078976154
158.99,10000000.0000161901116
159.99,10000000.0000533591956
160.99,10000000.0000553913414
161.99,10000000.0000235699117
162.99,10000000.0000229049474
163.99,9999999.9999565463513
164.99,10000000.0000391546637
165.99,9999999.9999878481030
166.99,10000000.0000251084566
167.99,10000000.0000514965504
168.99,10000000.0000098031014
169.99,9999999.9999720789492
170.99,10000000.0000263992697
171.99,9999999.9999715201557
172.99,9999999.9999885465950
173.99,9999999.9999881330878
174.99,10000000.0000413563102
175.99,10000000.0000118371099
176.99,9999999.9999820590019
177.99,10000000.0000587236136
178.99,9999999.9999621473253
179.99,10000000.0000197030604
180.99,10000000.0000166576356
181.99,9999999.9999854099005
182.99,9999999.9999985173345
183.99,9999999.9999745786190
184.99,10000000.0000240243971
185.99,10000000.0000065844506
186.99,9999999.9999863822013
187.99,10000000.0000072997063
188.99,9999999.9999794512987
189.99,10000000.0000639017671
190.99,9999999.9999669194221
191.99,10000000.0000206306577
192.99,10000000.0000764429569
193.99,10000000.0000329911709
194.99,9999999.9999862350523
195.99,10000000.0000205561519
196.99,10000000.0000374950469
197.99,9999999.9999990165234
198.99,10000000.0000365115702
199.99,9999999.9999680202454
200.99,9999999.9999673385173
201.99,10000000.0000333487988
202.99,10000000.0000530630350
203.99,9999999.9999824389815
204.99,9999999.9999812077731
205.99,10000000.0000529028475
206.99,10000000.0000469125807
207.99,10000000.0000300798565
208.99,10000000.0000089127570
209.99,9999999.9999812263995
210.99,10000000.0000439751893
211.99,9999999.9999864585698
212.99,10000000.0000225324184
213.99,10000000.0000069905072
214.99,9999999.9999838694930
215.99,10000000.0000429842621
216.99,10000000.0000323615968
217.99,10000000.0000146850944
218.99,9999999.9999976307154
219.99,10000000.0000842995942
220.99,10000000.0000202227384
221.99,9999999.9999694600701
222.99,9999999.9999880380929
223.99,10000000.0000020973384
224.99,9999999.9999956134707
225.99,10000000.0000288039446
226.99,10000000.0000087134540
227.99,10000000.0000192131847
228.99,9999999.9999959915876
229.99,10000000.0000211223960
230.99,10000000.0000400990248
231.99,10000000.0000346098095
232.99,10000000.0000066217035
233.99,10000000.0000367127359
234.99,10000000.0000365842134
235.99,10000000.0000246223062
236.99,10000000.0000391490757
237.99,10000000.0000145807862
238.99,9999999.9999938774854
239.99,10000000.0000003147870
240.99,10000000.0000129770488
241.99,10000000.0000379979610
242.99,10000000.0000601187348
243.99,10000000.0000493470579
244.99,9999999.9999980498105
245.99,10000000.0000243708491
246.99,10000000.0000404473394
247.99,9999999.9999864716083
248.99,10000000.0000352784991
249.99,10000000.0000116545707
250.99,10000000.0000148583204
251.99,9999999.9999849814922
252.99,10000000.0000221673399
253.99,10000000.0000351201743
254.99,9999999.9999990984797
255.99,10000000.0000348854810
256.99,10000000.0000025164336
257.99,10000000.0000086259097
258.99,10000000.0000378564000
259.99,10000000.0000038240105
260.99,9999999.9999979827553
261.99,10000000.0000393968076
262.99,10000000.0000315699726
263.99,10000000.0000337455422
264.99,10000000.0000205095857
265.99,10000000.0000027231872
266.99,10000000.0000346060842
267.99,10000000.0000434815884
268.99,10000000.0000118818134
269.99,10000000.0000305864960
270.99,10000000.0000480711460
271.99,10000000.0000088848174
272.99,10000000.0000299084932
273.99,9999999.9999951925129
274.99,10000000.0000351108611
275.99,10000000.0000127200037
276.99,10000000.0000419467688
277.99,10000000.0000282693654
278.99,10000000.0000489372760
279.99,10000000.0000060554594
280.99,10000000.0000521261245
281.99,9999999.9999680295587
282.99,10000000.0000066850334
283.99,10000000.0000018235296
284.99,10000000.0000049024820
285.99,10000000.0000045895576
286.99,10000000.0000270754099
287.99,10000000.0000344421715
288.99,10000000.0000062603503
289.99,9999999.9999947771430
290.99,10000000.0000158548355
291.99,10000000.0000292658806
292.99,10000000.0000209100544
293.99,10000000.0000315047801
294.99,10000000.0000212695450
295.99,10000000.0000096894801
296.99,9999999.9999793879688
297.99,10000000.0000326782465
298.99,9999999.9999919217080
299.99,10000000.0000053402036
300.99,10000000.0000152699649
301.99,9999999.9999963119626
302.99,10000000.0000378098339
303.99,10000000.0000413376838
304.99,10000000.0000372864306
305.99,10000000.0000325515866
306.99,9999999.9999614655972
307.99,10000000.0000220127404
308.99,10000000.0000037644058
309.99,10000000.0000198315829
310.99,9999999.9999980814755
311.99,10000000.0000206306577
312.99,10000000.0000635832548
313.99,10000000.0000216402113
314.99,10000000.0000369083136
315.99,9999999.9999997802079
316.99,10000000.0000471416861
317.99,9999999.9999899491668
318.99,9999999.9999997243285
319.99,10000000.0000136122108
320.99,10000000.0000437721610
321.99,9999999.9999846983701
322.99,10000000.0000483747572
323.99,10000000.0000326856971
324.99,10000000.0000428371131
325.99,9999999.9999682400376
326.99,9999999.9999870695174
327.99,10000000.0000020265579
328.99,10000000.0000242907554
329.99,10000000.0000414121896
330.99,10000000.0000616610050
331.99,9999999.9999770633876
332.99,10000000.0000307001173
333.99,10000000.0000109858811
334.99,10000000.0000227801502
335.99,10000000.0000055693090
336.99,10000000.0000536534935
337.99,10000000.0000451188534
338.99,10000000.0000162851065
339.99,9999999.9999905023724
340.99,10000000.0000436101109
341.99,10000000.0000696219504
342.99,9999999.9999911766499
343.99,10000000.0000023338944
344.99,10000000.0000011362135
345.99,10000000.0000148024410
346.99,10000000.0000126138330
347.99,10000000.0000319872051
348.99,10000000.0000072885305
349.99,10000000.0000327471644
350.99,10000000.0000137481838
351.99,9999999.9999929368496
352.99,10000000.0000347234309
353.99,10000000.0000757146627
354.99,10000000.0000097751617
355.99,10000000.0000319983810
356.99,10000000.0000155251473
357.99,10000000.0000312794000
358.99,10000000.0000176522881
359.99,9999999.9999786037952
360.99,10000000.0000234320760
361.99,10000000.0000565405935
362.99,9999999.9999967720360
363.99,9999999.9999902062118
364.99,10000000.0000272355974
365.99,10000000.0000077839941
366.99,10000000.0000400859863
367.99,9999999.9999936744571
368.99,9999999.9999971520156
369.99,10000000.0000236984342
370.99,10000000.0000162255019
371.99,10000000.0000074040145
372.99,10000000.0000019520521
373.99,10000000.0000138133764
374.99,10000000.0000144988298
375.99,9999999.9999890550971
376.99,10000000.0000014584512
377.99,10000000.0000342261046
378.99,10000000.0000304728746
379.99,10000000.0000411160290
380.99,9999999.9999623727053
381.99,10000000.0000301729888
382.99,10000000.0000001378357
383.99,10000000.0000320877880
384.99,9999999.9999778233469
385.99,10000000.0000487565994
386.99,10000000.0000136625022
387.99,10000000.0000618100166
388.99,10000000.0000488851219
389.99,10000000.0000252425671
390.99,10000000.0000330545008
391.99,9999999.9999901000410
392.99,9999999.9999924879521
393.99,10000000.0000139027834
394.99,9999999.9999813605100
395.99,10000000.0000172015280
396.99,9999999.9999999664724
397.99,10000000.0000287946314
398.99,10000000.0000011734664
399.99,9999999.9999961908907
400.99,10000000.0000259354711
401.99,9999999.9999723322690
402.99,9999999.9999994747341
403.99,9999999.9999727327377
404.99,10000000.0000379327685
405.99,10000000.0000091288239
406.99,10000000.0000300388783
407.99,9999999.9999972973019
408.99,9999999.9999975766987
409.99,9999999.9999935831875
410.99,10000000.0000371392816
411.99,9999999.9999739155173
412.99,10000000.0000397507101
413.99,10000000.0000169277191
414.99,10000000.0000031143427
415.99,10000000.0000125225633
416.99,9999999.9999591186643
417.99,10000000.0000020284206
418.99,9999999.9999689999968
419.99,10000000.0000143572688
420.99,10000000.0000063385814
421.98,10000000.0000430569053
422.98,10000000.0000164490193
423.98,9999999.9999605771154
424.98,10000000.0000320319086
425.98,10000000.0000154394656
426.98,9999999.9999921265990
427.98,10000000.0000158827752
428.98,9999999.9999988134950
429.98,10000000.0000524893403
430.98,10000000.0000278800726
431.98,9999999.9999793469906
432.98,10000000.0000239741057
433.98,10000000.0000390913337
434.98,10000000.0000022035092
435.98,9999999.9999951720238
436.98,10000000.0000137276947
437.98,9999999.9999751150608
438.98,10000000.0000489261001
439.98,10000000.0000223219395
440.98,10000000.0000072102994
441.98,10000000.0000121276826
442.98,9999999.9999915976077
443.98,9999999.9999683313072
444.98,10000000.0000171065331
445.98,10000000.0000271946192
446.98,10000000.0000190734863
447.98,10000000.0000027753413
448.98,10000000.0000579692423
449.98,10000000.0000242702663
450.98,10000000.0000114887953
451.98,10000000.0000388789922
452.98,10000000.0000354275107
453.98,9999999.9999743774533
454.98,10000000.0000107046217
455.98,10000000.0000199507922
456.98,9999999.9999930150807
457.98,10000000.0000009275973
458.98,10000000.0000100228935
459.98,10000000.0000338573009
460.98,10000000.0000188872218
461.98,10000000.0000050514936
462.98,10000000.0000468268991
463.98,10000000.0000197365880
464.98,9999999.9999992456287
465.98,10000000.0000092163682
466.98,10000000.0000163763762
467.98,10000000.0000374782830
468.98,10000000.0000036936253
469.98,10000000.0000326391309
470.98,10000000.0000450890511
471.98,10000000.0000344049186
472.98,10000000.0000257696956
473.98,10000000.0000396128744
474.98,10000000.0000847391784
475.98,10000000.0000226050615
476.98,10000000.0000129509717
477.98,10000000.0000363457948
478.98,10000000.0000056494027
479.98,10000000.0000402536243
480.98,10000000.0000715665519
481.98,9999999.9999865759164
482.98,10000000.0000449065119
483.98,10000000.0000473838300
484.98,10000000.0000161789358
485.98,10000000.0000123810023
486.98,9999999.9999692253768
487.98,10000000.0000337492675
488.98,10000000.0000261683017
489.98,10000000.0000267624855
490.98,10000000.0000459942967
491.98,10000000.0000396128744
492.98,10000000.0000137966126
493.98,10000000.0000098720193
494.98,10000000.0000284109265
495.98,10000000.0000822283328
496.98,10000000.0000573340803
497.98,10000000.0000259913504
498.98,10000000.0000248905271
499.98,10000000.0000282339752
500.98,10000000.0000497717410
501.98,9999999.9999895822257
502.98,10000000.0000004488975
503.98,10000000.0000167116523
504.98,10000000.0000551007688
505.98,10000000.0000661723316
506.98,10000000.0000084657222
507.98,10000000.0000139418989
508.98,10000000.0000340230763
509.98,10000000.0000053737313
510.98,9999999.9999831244349
511.98,10000000.0000584423542
512.98,10000000.0000128764659
513.98,10000000.0000378806144
514.98,10000000.0000417679548
515.98,10000000.0000352952629
516.98,9999999.9999948889017
517.98,10000000.0000000838190
518.98,10000000.0000243019313
519.98,10000000.0000187214464
520.98,9999999.9999901335686
521.98,10000000.0000181924552
522.98,10000000.0000639539212
523.98,10000000.0000133905560
524.98,9999999.9999939594418
525.98,10000000.0000239182264
526.98,10000000.0000640582293
528.0,10000000.0000256747007
528.98,9999999.9999928679317
529.98,10000000.0000216960907
530.98,10000000.0000513792038
531.98,10000000.0000394359231
532.98,9999999.9999866150320
533.98,10000000.0000047981739
534.98,10000000.0000234898180
535.98,10000000.0000308137387
536.98,10000000.0000070556998
537.98,10000000.0000073816627
538.98,10000000.0000396966934
539.98,10000000.0000399015844
540.98,10000000.0000136662275
541.98,9999999.9999813809991
542.98,10000000.0000392254442
543.98,10000000.0000413917005
544.98,10000000.0000009406358
545.98,10000000.0000286512077
546.98,10000000.0000256225467
547.98,10000000.0000356920063
548.98,9999999.9999992959201
549.98,10000000.0000562127680
550.98,9999999.9999680314213
551.98,10000000.0000184047967
552.98,9999999.9999802019447
553.98,10000000.0000103916973
554.98,10000000.0000532176346
555.98,10000000.0000252164900
556.98,10000000.0000223182142
557.98,10000000.0000413581729
558.98,10000000.0000252090394
559.98,10000000.0000448990613
560.98,10000000.0000339429826
561.98,10000000.0000152960420
562.98,10000000.0000119879842
563.98,9999999.9999961555004
564.98,10000000.0000246427953
565.98,10000000.0000179614872
566.98,10000000.0000056996942
567.98,10000000.0000509694219
568.98,10000000.0000024940819
569.98,10000000.0000273082405
570.98,10000000.0000033620745
571.98,10000000.0000324025750
572.98,10000000.0000472422689
573.98,10000000.0000241454691
574.98,10000000.0000317804515
575.98,10000000.0000075306743
576.98,10000000.0000302456319
577.98,9999999.9999690130353
578.98,10000000.0000013671815
579.98,10000000.0000255778432
580.98,10000000.0000027753413
581.98,10000000.0000179223716
582.98,9999999.9999725222588
583.98,10000000.0000404939055
584.98,10000000.0000579841435
585.98,9999999.9999730214477
586.98,9999999.9999838285148
587.98,10000000.0000400692225
588.98,9999999.9999966528267
589.98,10000000.0000042542815
590.98,10000000.0000049676746
591.98,10000000.0000166539103
592.98,10000000.0000012386590
593.98,10000000.0000054948032
594.98,10000000.0000316072255
595.98,10000000.0000093393028
596.98,10000000.0000213608146
597.98,9999999.9999957438558
598.98,10000000.0000379234552
599.98,9999999.9999786317348
600.98,9999999.9999906793237
601.98,9999999.9999877363443
602.98,10000000.0000431537628
603.98,10000000.0000135712326
604.98,10000000.0000446327031
605.98,10000000.0000072065741
606.98,10000000.0000011622906
607.98,10000000.0000243335962
608.98,10000000.0000268332660
609.98,10000000.0000093728304
610.98,10000000.0000443439931
611.98,10000000.0000217761844
612.98,10000000.0000246744603
613.98,10000000.0000482294708
614.98,10000000.0000299122185
615.98,9999999.9999909605831
616.98,9999999.9999679643661
617.98,9999999.9999527763575
618.98,10000000.0000340752304
619.98,10000000.0000221114606
620.98,9999999.9999959692359
621.98,10000000.0000121518970
622.98,9999999.9999783691019
623.98,10000000.0000316612422
624.98,10000000.0000070761889
625.98,10000000.0000056494027
626.98,10000000.0000069215894
627.98,10000000.0000286698341
628.98,10000000.0000104997307
629.98,10000000.0000075679272
630.98,9999999.9999800212681
631.98,10000000.0000282954425
632.98,10000000.0000437926501
633.98,9999999.9999821223319
634.98,10000000.0000223666430
635.98,9999999.9999348036945
636.98,10000000.0000437311828
637.98,9999999.9999844655395
638.98,10000000.0000424999744
639.98,10000000.0000260081142
640.98,10000000.0000058468431
641.98,9999999.9999743420631
642.98,10000000.0000178087503
643.98,10000000.0000205487013
644.98,10000000.0000309776515
645.98,9999999.9999992232770
646.98,10000000.0000077970326
647.98,9999999.9999942686409
648.98,10000000.0000212732702
649.98,10000000.0000043567270
650.98,10000000.0000064019114
651.98,10000000.0000245571136
652.98,9999999.9999998677522
653.98,10000000.0000454932451
654.98,10000000.0000333916396
655.98,10000000.0000355467200
656.98,9999999.9999933894724
657.98,10000000.0000474806875
658.98,10000000.0000151693821
659.98,9999999.9999680314213
660.98,10000000.0000611729920
661.98,10000000.0000955201685
662.98,9999999.9999745301902
663.98,10000000.0000314861536
664.98,9999999.9999839011580
665.98,9999999.9999922309071
666.98,9999999.9999894611537
667.98,10000000.0000492893159
668.98,10000000.0000115390867
669.98,10000000.0000365264714
670.98,10000000.0000732671469
671.98,9999999.9999995063990
672.98,10000000.0000626556575
673.98,10000000.0000447295606
674.98,10000000.0000791773200
675.98,10000000.0000242292881
676.98,10000000.0000479444861
677.98,9999999.9999987967312
678.98,10000000.0000239834189
679.98,10000000.0000244416296
680.98,10000000.0000109989196
681.98,10000000.0000707935542
682.98,10000000.0000377278775
683.98,10000000.0000098422170
684.98,10000000.0000017900020
685.98,10000000.0000397115946
686.98,10000000.0000131782144
687.98,10000000.0000077281147
688.98,10000000.0000867992640
689.98,10000000.0000826995820
690.98,10000000.0000045485795
691.98,9999999.9999934006482
692.98,10000000.0000016856939
693.98,10000000.0000157188624
694.98,10000000.0000542271882
695.98,10000000.0000058524311
696.98,10000000.0000484678894
697.98,10000000.0000435598195
698.98,10000000.0000099465251
699.98,10000000.0000273659825
700.98,10000000.0000193230808
701.98,10000000.0000058151782
702.98,10000000.0000284034759
703.97,9999999.9999823849648
704.98,10000000.0000456720591
705.97,10000000.0000036470592
706.97,10000000.0000296663493
707.97,10000000.0000389963388
708.97,10000000.0000071395189
709.97,10000000.0000878106803
710.97,10000000.0000025257468
711.97,10000000.0000133682042
712.97,10000000.0000258218497
713.97,10000000.0000487342477
714.97,10000000.0000153668225
715.97,9999999.9999950621277
716.97,10000000.0000173859298
717.97,9999999.9999936334789
718.97,10000000.0000574346632
719.97,10000000.0000198539346
720.97,9999999.9999858476222
721.97,10000000.0000424757600
722.97,10000000.0000383835286
723.97,9999999.9999902937561
724.97,10000000.0000619702041
725.97,10000000.0000339299440
726.97,10000000.0000337790698
727.97,10000000.0000033956021
728.97,10000000.0000109095126
729.97,10000000.0000249333680
730.97,10000000.0000079963356
731.97,10000000.0000424645841
732.97,10000000.0000135954469
733.97,10000000.0000276081264
734.97,10000000.0000443607569
735.97,9999999.9999973047525
736.97,10000000.0000167433172
737.97,10000000.0000063814223
738.97,10000000.0000141095370
739.97,10000000.0000723563135
740.97,9999999.9999957401305
741.97,9999999.9999855179340
742.97,10000000.0000742673874
743.97,10000000.0000201836228
744.97,10000000.0000068675727
745.97,10000000.0000116713345
746.97,9999999.9999989941716
747.97,10000000.0000345204026
748.97,10000000.0000080596656
749.97,10000000.0000122468919
750.97,10000000.0000199545175
751.97,10000000.0000652447343
752.97,10000000.0000256877393
753.97,9999999.9999782256782
754.97,10000000.0000059250742
755.97,10000000.0000770464540
756.97,9999999.9999823048711
757.97,10000000.0000293124467
758.97,9999999.9999604150653
759.97,10000000.0000334586948
760.97,10000000.0000252611935
761.97,10000000.0000335592777
762.97,10000000.0000604335219
763.97,9999999.9999894071370
764.97,10000000.0000117681921
765.97,10000000.0000148322433
766.97,9999999.9999736510217
767.97,10000000.0000352319330
768.97,9999999.9999790098518
769.97,10000000.0000135581940
770.97,10000000.0000200644135
771.97,10000000.0000219363719
772.97,9999999.9999890159816
773.97,9999999.9999886713922
774.97,10000000.0000065714121
775.97,9999999.9999860525131
776.97,9999999.9999945536256
777.97,9999999.9999923855066
778.97,10000000.0000319108367
779.97,10000000.0000065807253
780.97,9999999.9999701865017
781.97,10000000.0000107195228
782.97,10000000.0000255275518
783.97,10000000.0000005643815
784.97,9999999.9999957270920
785.97,10000000.0000441893935
786.97,9999999.9999685119838
787.97,9999999.9999870602041
788.97,9999999.9999931659549
789.97,9999999.9999898523092
790.97,10000000.0000717639923
791.97,10000000.0000215340406
792.97,10000000.0000688042492
793.97,10000000.0000396352261
794.97,10000000.0000396948308
795.97,9999999.9999918490648
796.97,10000000.0000677835196
797.97,10000000.0000091902912
798.97,10000000.0000694300979
799.97,10000000.0000487249345
800.97,9999999.9999893866479
801.97,9999999.9999631829560
802.97,10000000.0000463463366
803.97,9999999.9999944455922
804.97,9999999.9999961797148
805.97,9999999.9999877754599
806.97,9999999.9999677222222
807.97,10000000.0000162012875
808.97,10000000.0000349748880
809.97,10000000.0000822674483
810.97,9999999.9999793134630
811.97,9999999.9999918062240
812.97,9999999.9999880772084
813.97,9999999.9999870955944
814.97,9999999.9999671410769
815.97,10000000.0000362582505
816.97,10000000.0000253487378
817.97,9999999.9999938644469
818.97,10000000.0000250786543
819.97,10000000.0000192206353
820.97,10000000.0000122748315
821.97,10000000.0000064820051
822.97,10000000.0000468622893
823.97,9999999.9999980702996
824.97,10000000.0000903550535
825.97,10000000.0000178106129
826.97,9999999.9999786503613
827.97,9999999.9999774862081
828.97,9999999.9999916497618
829.97,10000000.0000032540411
830.97,10000000.0000113695860
831.97,9999999.9999891780317
832.97,10000000.0000635664910
833.97,10000000.0000001098961
834.97,9999999.9999907370657
835.97,10000000.0000500325114
836.97,10000000.0000233221799
837.97,10000000.0000485219061
838.97,10000000.0000158492476
839.97,10000000.0000300668180
840.97,10000000.0000271163881
841.97,9999999.9999833405018
842.97,10000000.0000354740769
843.97,9999999.9999940115958
844.97,10000000.0000009257346
845.97,10000000.0000392068177
846.97,10000000.0000232644379
847.97,10000000.0000410526991
848.97,10000000.0000449921936
849.97,9999999.9999869856983
850.97,10000000.0000280030072
851.97,9999999.9999700877815
852.97,9999999.9999928828329
853.97,10000000.0000485442579
854.97,9999999.9999978598207
855.97,9999999.9999913461506
856.97,10000000.0000015702099
857.97,10000000.0000151973218
858.97,10000000.0000208895653
859.97,9999999.9999821409583
860.97,10000000.0000269860029
861.97,10000000.0000073052943
862.97,10000000.0000348314643
863.97,10000000.0000478811562
864.97,9999999.9999884441495
865.97,10000000.0000517442822
866.97,10000000.0000147428364
867.97,10000000.0000508446246
868.97,10000000.0000634621829
869.97,9999999.9999890085310
870.97,10000000.0000425819308
871.97,10000000.0000280216336
872.97,10000000.0000559967011
873.97,10000000.0000391378999
874.97,10000000.0000491514802
875.97,10000000.0000178739429
876.97,10000000.0000208206475
877.97,10000000.0000167470425
878.97,10000000.0000616870821
879.97,9999999.9999904111028
880.97,10000000.0000697225332
881.97,9999999.9999908227473
882.97,10000000.0000183470547
883.97,10000000.0000033620745
884.97,9999999.9999725352973
885.97,10000000.0000568870455
886.97,10000000.0000101737678
887.97,10000000.0000187568367
888.97,10000000.0000352766365
889.97,10000000.0000466424972
890.97,10000000.0000071898103
891.97,10000000.0000111218542
892.97,10000000.0000371523201
893.97,10000000.0000031106174
894.97,10000000.0000565461814
895.97,10000000.0000132285058
896.97,10000000.0000638775527
897.97,10000000.0000158455223
898.97,10000000.0000208243728
899.97,10000000.0000299531966
900.97,9999999.9999730549753
901.97,9999999.9999962523580
902.97,10000000.0000143069774
903.97,10000000.0000087115914
904.97,10000000.0000483784825
905.97,10000000.0000310260803
906.97,10000000.0000680480152
907.97,10000000.0000374056399
908.97,10000000.0000362899154
909.97,10000000.0000200681388
910.97,10000000.0000393725932
911.97,10000000.0000620950013
912.97,10000000.0000492017716
913.97,10000000.0000278241932
914.97,10000000.0000434536487
915.97,9999999.9999896828085
916.97,9999999.9999588858336
917.97,10000000.0000288337469
918.97,10000000.0000267457217
919.97,9999999.9999975506216
920.97,10000000.0000273864716
921.97,9999999.9999881628901
922.97,10000000.0000356547534
923.97,10000000.0000159926713
924.97,10000000.0000992827117
925.97,10000000.0000172648579
926.97,10000000.0000622645020
927.97,9999999.9999613054097
928.97,10000000.0000266544521
929.97,10000000.0000407118350
930.97,10000000.0000131558627
931.97,9999999.9999922793359
932.97,10000000.0000055562705
933.97,10000000.0000418052077
934.97,10000000.0000053718686
935.97,10000000.0000007133931
936.97,10000000.0000350270420
937.97,9999999.9999893102795
938.97,10000000.0000273175538
939.97,9999999.9999875631183
940.97,10000000.0000244453549
941.97,10000000.0000000428408
942.97,9999999.9999864604324
943.97,10000000.0000288709998
944.97,10000000.0000325795263
945.97,10000000.0000262521207
946.97,10000000.0000648051500
947.97,10000000.0000353101641
948.97,9999999.9999951366335
949.97,10000000.0000075120479
950.97,10000000.0000077635050
951.97,9999999.9999776259065
952.97,10000000.0000122208148
953.97,10000000.0000115726143
954.97,10000000.0000661164522
955.97,10000000.0000265929848
956.97,10000000.0000093858689
957.97,9999999.9999740384519
958.97,10000000.0000395942479
959.97,10000000.0000397004187
960.97,9999999.9999880436808
961.97,10000000.0000129789114
962.97,10000000.0000614020973
963.97,10000000.0000718198717
964.97,9999999.9999933633953
965.97,9999999.9999840203673
966.97,10000000.0000040996820
967.97,10000000.0000257957727
968.97,9999999.9999770335853
969.97,9999999.9999913610518
970.97,9999999.9999711234123
971.97,10000000.0000258684158
972.97,10000000.0000104345381
973.97,9999999.9999801646918
974.97,9999999.9999614227563
975.97,10000000.0000360328704
976.97,10000000.0000405535102
977.97,9999999.9999739620835
978.97,9999999.9999814089388
979.97,10000000.0000166427344
980.97,10000000.0000344514847
981.97,10000000.0000363513827
982.97,10000000.0000470783561
983.97,9999999.9999753367156
984.96,10000000.0000035855919
985.97,10000000.0000449120998
986.96,10000000.0000282153487
987.96,10000000.0000198837370
988.96,10000000.0000214781612
989.96,9999999.9999793395400
990.96,9999999.9999915026128
991.96,10000000.0000497139990
992.96,10000000.0000278316438
993.96,10000000.0000140685588
994.96,10000000.0000581108034
995.96,10000000.0000352803618
996.96,10000000.0000450909138
997.96,10000000.0000237505883
998.96,9999999.9999971650541
999.96,10000000.0000170562416
1000.96,9999999.9999651387334
1001.96,10000000.0000629052520
1002.96,10000000.0000493917614
1003.96,10000000.0000737160444
1004.96,9999999.9999999869615
1005.96,10000000.0000226534903
1006.96,9999999.9999836049974
1007.96,10000000.0000257231295
1008.96,10000000.0000223703682
1009.96,10000000.0000328086317
1010.96,9999999.9999700449407
1011.96,10000000.0000534653664
1012.96,10000000.0000273641199
1013.96,10000000.0000028628856
1014.96,10000000.0000022705644
1015.96,10000000.0000038035214
1016.96,9999999.9999889750034
1017.96,10000000.0000016950071
1018.96,9999999.9999740999192
1019.96,10000000.0000030063093
1020.96,10000000.0000315736979
1021.96,10000000.0000241640955
1022.96,10000000.0000018551946
1023.96,10000000.0000486001372
1024.96,9999999.9999890401959
1025.96,10000000.0000199507922
1026.96,10000000.0000141058117
1027.96,10000000.0000358223915
1028.96,9999999.9999809488654
1029.96,10000000.0000126399100
1030.96,10000000.0000144131482
1031.96,10000000.0000357329845
1032.96,10000000.0000338815153
1033.96,9999999.9999490454793
1034.96,10000000.0000150036067
1035.96,9999999.9999781791121
1036.96,10000000.0000070035458
1037.96,10000000.0000371336937
1038.96,9999999.9999943468720
1039.96,9999999.9999950751662
1040.96,9999999.9999834783375
1041.96,10000000.0000319927931
1042.96,10000000.0000199005008
1043.96,9999999.9999950807542
1044.96,10000000.0000077635050
1045.96,10000000.0000586416572
1046.96,10000000.0000220425427
1047.96,9999999.9999742079526
1048.96,9999999.9999946206808
1049.96,10000000.0000034458935
1050.96,10000000.0000154692680
1051.96,10000000.0000112038106
1052.96,10000000.0000290181488
1053.96,10000000.0000350456685
1054.96,10000000.0000141710043
1055.96,10000000.0000319685787
1056.96,10000000.0000194273889
1057.96,10000000.0000208374113
1058.96,10000000.0000386796892
1059.96,10000000.0000117737800
1060.96,10000000.0000224392861
1061.96,9999999.9999883491546
1062.96,9999999.9999926723540
1063.96,9999999.9999892432243
1064.96,10000000.0000171735883
1065.96,10000000.0000295545906
1066.96,10000000.0000233836472
1067.96,10000000.0000049788505
1068.96,10000000.0000680014491
1069.96,10000000.0000266395509
1070.96,10000000.0000154525042
1071.96,10000000.0000342186540
1072.96,10000000.0000200401992
1073.96,10000000.0000244528055
1074.96,10000000.0000007376075
1075.96,10000000.0000293944031
1076.96,10000000.0000385288149
1077.96,10000000.0000221300870
1078.96,10000000.0000414289534
1079.96,10000000.0000539943576
1080.96,10000000.0000519342721
1081.96,10000000.0000272300094
1082.96,10000000.0000353530049
1083.96,10000000.0000243335962
1084.96,10000000.0000386852771
1085.96,10000000.0000038277358
1086.96,10000000.0000456739217
1087.96,10000000.0000299811363
1088.96,10000000.0000251047313
1089.96,10000000.0000611394644
1090.96,10000000.0000447966158
1091.96,10000000.0000107660890
1092.96,10000000.0000159237534
1093.96,10000000.0000361874700
1094.96,10000000.0000342968851
1095.96,10000000.0000241473317
1096.96,10000000.0000165309757
1097.96,10000000.0000325851142
1098.96,10000000.0000501889735
1099.96,10000000.0000062994659
1100.96,9999999.9999920055270
1101.96,10000000.0001105125993
1102.96,10000000.0000253412873
1103.96,10000000.0000140480697
1104.96,10000000.0000234562904
1105.96,10000000.0000269915909
1106.96,10000000.0000088196248
1107.96,10000000.0000394880772
1108.96,9999999.9999664649367
1109.96,10000000.0000305697322
1110.96,10000000.0000667069107
1111.96,10000000.0000122804195
1112.96,10000000.0000275596976
1113.96,10000000.0000077411532
1114.96,10000000.0000335872173
1115.96,10000000.0000577773899
1116.96,10000000.0000352822244
1117.96,9999999.9999981708825
1118.96,10000000.0000668242574
1119.96,10000000.0000617261976
1120.96,9999999.9999904241413
1121.96,10000000.0000153556466
1122.96,10000000.0000369399786
1123.96,10000000.0000489428639
1124.96,10000000.0000036060810
1125.96,10000000.0000056009740
1126.96,10000000.0000590905547
1127.96,10000000.0000578705221
1128.96,9999999.9999963976443
1129.96,10000000.0000110510737
1130.96,9999999.9999679755419
1131.96,10000000.0000684577972
1132.96,10000000.0000012516975
1133.96,9999999.9999741092324
1134.96,10000000.0000516735017
1135.96,10000000.0000606235117
1136.96,10000000.0000560488552
1137.96,10000000.0000263657421
1138.96,10000000.0000562686473
1139.96,10000000.0000115036964
1140.96,10000000.0000102929771
1141.96,10000000.0000161975622
1142.96,10000000.0000263489783
1143.96,9999999.9999949056655
1144.96,10000000.0000297501683
1145.96,10000000.0000061541796
1146.96,9999999.9999963417649
1147.96,10000000.0000163149089
1148.96,10000000.0000276677310
1149.96,10000000.0000449419022
1150.96,9999999.9999905377626
1151.96,10000000.0000096112490
1152.96,10000000.0000191405416
1153.96,10000000.0000020582229
1154.96,9999999.9999800827354
1155.96,10000000.0000503491610
1156.96,10000000.0000130701810
1157.96,10000000.0000849179924
1158.96,10000000.0000268016011
1159.96,10000000.0000262744725
1160.96,10000000.0000248383731
1161.96,10000000.0000461563468
1162.96,9999999.9999743551016
1163.96,9999999.9999963808805
1164.96,9999999.9999861177057
1165.96,10000000.0000227577984
1166.96,10000000.0000360049307
1167.96,10000000.0000402592123
1168.96,10000000.0000152923167
1169.96,10000000.0000369716436
1170.96,9999999.9999868534505
1171.96,9999999.9999977089465
1172.96,10000000.0000250022858
1173.96,10000000.0000065546483
1174.96,10000000.0000517591834
1175.96,9999999.9999950453639
1176.96,9999999.9999606087804
1177.96,9999999.9999989345670
1178.96,10000000.0000655315816
1179.96,9999999.9999891258776
1180.96,9999999.9999839011580
1181.96,9999999.9999957829714
1182.96,10000000.0000261049718
1183.96,9999999.9999933261424
1184.96,10000000.0000150837004
1185.96,10000000.0000108052045
1186.96,10000000.0000287797302
1187.96,10000000.0000243075192
1188.96,10000000.0000056289136
1189.96,10000000.0000473763794
1190.96,9999999.9999997448176
1191.96,10000000.0000145267695
1192.96,9999999.9999875258654
1193.96,10000000.0000313054770
1194.96,10000000.0000428315252
1195.96,10000000.0000301711261
1196.96,9999999.9999685566872
1197.96,10000000.0000502653420
1198.96,10000000.0000083744526
1199.96,10000000.0000345185399
1200.96,9999999.9999988358468
1201.96,9999999.9999931678176
1202.96,9999999.9999802764505
1203.96,10000000.0000214967877
1204.96,9999999.9999949745834
1205.96,9999999.9999911095947
1206.96,10000000.0000034533441
1207.96,10000000.0000298470259
1208.96,9999999.9999891594052
1209.96,10000000.0000295005739
1210.96,9999999.9999928437173
1211.96,10000000.0000252351165
1212.96,9999999.9999777935445
1213.96,10000000.0000002849847
1214.96,9999999.9999904558063
1215.96,9999999.9999773576856
1216.96,9999999.9999718926847
1217.96,10000000.0000374317169
1218.96,10000000.0000550933182
1219.96,10000000.0000018365681
1220.96,9999999.9999852310866
1221.96,10000000.0000119060278
1222.96,10000000.0000397730619
1223.96,9999999.9999936278909
1224.96,10000000.0000087581575
1225.96,10000000.0000159144402
1226.96,10000000.0000005140901
1227.96,10000000.0000520665199
1228.96,9999999.9999892674387
1229.96,10000000.0000219196081
1230.96,10000000.0000192001462
1231.96,10000000.0000033602118
1232.96,10000000.0000033844262
1233.96,10000000.0000113192946
1234.96,9999999.9999736081809
1235.96,9999999.9999614320695
1236.96,10000000.0000123195350
1237.96,9999999.9999627135694
1238.96,9999999.9999934174120
1239.96,10000000.0000131838024
1240.96,10000000.0000159423798
1241.96,10000000.0000381693244
1242.96,9999999.9999941606075
1243.96,10000000.0000828988850
1244.96,10000000.0000157281756
1245.96,10000000.0000237822533
1246.96,10000000.0000278633088
1247.96,9999999.9999724216759
1248.96,10000000.0000124704093
1249.96,9999999.9999761935323
1250.96,10000000.0000418089330
1251.96,9999999.9999976605177
1252.96,10000000.0000074375421
1253.96,10000000.0000046323985
1254.96,10000000.0000327341259
1255.96,9999999.9999721758068
1256.96,10000000.0000146329403
1257.96,10000000.0000612139702
1258.96,9999999.9999985061586
1259.96,10000000.0000026542693
1260.96,10000000.0000173933804
1261.96,10000000.0000245943666
1262.96,9999999.9999948255718
1263.96,9999999.9999705795199
1264.96,10000000.0000294540077
1265.96,10000000.0000471379608
1266.96,10000000.0000435151160
1267.95,10000000.0000277478248
1268.95,10000000.0000243149698
1269.95,10000000.0000365115702
1270.95,10000000.0000458434224
1271.95,10000000.0000318232924
1272.95,10000000.0000511370599
1273.95,10000000.0000101365149
1274.95,9999999.9999696221203
1275.95,10000000.0000225324184
1276.95,10000000.0000462960452
1277.95,10000000.0000507570803
1278.95,10000000.0000147800893
1279.95,10000000.0000452511013
1280.95,10000000.0000258293003
1281.95,10000000.0000383015722
1282.95,9999999.9999916851521
1283.95,10000000.0000463072211
1284.95,10000000.0000170394778
1285.95,9999999.9999801367521
1286.95,10000000.0000502076000
1287.95,10000000.0000106152147
1288.95,10000000.0000128801912
1289.95,10000000.0000396855175
1290.95,9999999.9999992735684
1291.95,10000000.0000404771417
1292.95,10000000.0000032279640
1293.95,10000000.0000353530049
1294.95,10000000.0000170618296
1295.95,10000000.0000428799540
1296.95,10000000.0000497214496
1297.95,10000000.0000120047480
1298.95,10000000.0000305268914
1299.95,10000000.0000946130604
1300.95,9999999.9999857470393
1301.95,10000000.0000441521406
1302.95,9999999.9999910052866
1303.95,9999999.9999967347831
1304.95,10000000.0000021532178
1305.95,10000000.0000144243240
1306.95,10000000.0000024549663
1307.95,9999999.9999878983945
1308.95,10000000.0000110659748
1309.95,9999999.9999906234443
1310.95,10000000.0000569391996
1311.95,10000000.0000398699194
1312.95,10000000.0000146497041
1313.95,10000000.0000528506935
1314.95,10000000.0000295061618
1315.95,10000000.0000280234963
1316.95,10000000.0000115148723
1317.95,10000000.0000671092421
1318.95,10000000.0000305827707
1319.95,10000000.0000054724514
1320.95,10000000.0000119265169
1321.95,10000000.0000269506127
1322.95,10000000.0000035259873
1323.95,10000000.0000340454280
1324.95,9999999.9999996926636
1325.95,10000000.0000257007778
1326.95,9999999.9999952539802
1327.95,10000000.0000113062561
1328.95,10000000.0000227410346
1329.95,10000000.0000499840826
1330.95,9999999.9999981541187
1331.95,9999999.9999889265746
1332.95,9999999.9999893661588
1333.95,10000000.0000079572201
1334.95,10000000.0000178012997
1335.95,10000000.0000604465604
1336.95,10000000.0000223554671
1337.95,9999999.9999762531370
1338.95,10000000.0000285916030
1339.95,10000000.0000211521983
1340.95,10000000.0000372249633
1341.95,10000000.0000386312604
1342.95,9999999.9999815057963
1343.95,10000000.0000171288848
1344.95,10000000.0000133812428
1345.95,10000000.0000452380627
1346.95,10000000.0000260658562
1347.95,10000000.0000372864306
1348.95,10000000.0000269077718
1349.95,10000000.0000306256115
1350.95,9999999.9999925158918
1351.95,10000000.0000060927123
1352.95,10000000.0000139344484
1353.95,10000000.0000307336450
1354.95,10000000.0000132974237
1355.95,10000000.0000571645796
1356.95,10000000.0000391602516
1357.95,10000000.0000053215772
1358.95,10000000.0000198874623
1359.95,10000000.0000166296959
1360.95,10000000.0000580083579
1361.95,10000000.0000132452697
1362.95,10000000.0000544190407
1363.95,10000000.0000185165554
1364.95,10000000.0000141356140
1365.95,10000000.0000360142440
1366.95,10000000.0000168606639
1367.95,10000000.0000621974468
1368.95,10000000.0000224616379
1369.95,10000000.0000724960119
1370.95,10000000.0000716056675
1371.95,9999999.9999816697091
1372.95,10000000.0000480040908
1373.95,9999999.9999797753990
1374.95,10000000.0000246651471
1375.95,10000000.0000063851476
1376.95,9999999.9999699294567
1377.95,10000000.0000465549529
1378.95,10000000.0000289864838
1379.95,10000000.0000645667315
1380.95,10000000.0000099614263
1381.95,10000000.0000108648092
1382.95,10000000.0000098813325
1383.95,10000000.0000314321369
1384.95,9999999.9999805707484
1385.95,10000000.0000417139381
1386.95,9999999.9999685976654
1387.95,9999999.9999896008521
1388.95,9999999.9999869763851
1389.95,10000000.0000595357269
1390.95,10000000.0000528227538
1391.95,9999999.9999953061342
1392.95,10000000.0000579934567
1393.95,10000000.0000446662307
1394.95,10000000.0000004637986
1395.95,10000000.0000269431621
1396.95,10000000.0000138767064
1397.95,9999999.9999663121998
1398.95,10000000.0000143963844
1399.95,10000000.0000319890678
1400.95,9999999.9999988805503
1401.95,10000000.0000209528953
1402.95,10000000.0000123102218
1403.95,10000000.0000447705388
1404.95,9999999.9999755118042
1405.95,10000000.0000084917992
1406.95,10000000.0000419858843
1407.95,10000000.0000249668956
1408.95,10000000.0000044666231
1409.95,10000000.0000389479101
1410.95,10000000.0000201389194
1411.95,10000000.0000187698752
1412.95,10000000.0000185463578
1413.95,9999999.9999667126685
1414.95,10000000.0000074487180
1415.95,10000000.0000246632844
1416.95,10000000.0000281911343
1417.95,10000000.0000043231994
1418.95,9999999.9999954700470
1419.95,10000000.0000178515911
1420.95,10000000.0000459942967
1421.95,10000000.0000303182751
1422.95,10000000.0000202637166
1423.95,10000000.0000103600323
1424.95,10000000.0000232625753
1425.95,10000000.0000036247075
1426.95,9999999.9999664444476
1427.95,10000000.0000370983034
1428.95,10000000.0000182092190
1429.95,10000000.0000231601298
1430.95,10000000.0000409968197
1431.95,10000000.0000223442912
1432.95,9999999.9999985583127
1433.95,10000000.0000114720315
1434.95,10000000.0000085011125
1435.95,10000000.0000457819551
1436.95,10000000.0000099930912
1437.95,10000000.0000262707472
1438.95,10000000.0000125672668
1439.95,10000000.0000056736171
1440.95,10000000.0000410582870
1441.95,10000000.0000039003789
1442.95,10000000.0000379681587
1443.95,10000000.0000376645476
1444.95,10000000.0000465866178
1445.95,9999999.9999814927578
1446.95,10000000.0000184234232
1447.95,10000000.0000080354512
1448.95,10000000.0000256188214
1449.95,9999999.9999982640147
1450.95,10000000.0000429227948
1451.95,10000000.0000190939754
1452.95,9999999.9999896734953
1453.95,9999999.9999864622951
1454.95,9999999.9999671168625
1455.95,9999999.9999828208238
1456.95,9999999.9999963976443
1457.95,9999999.9999986253679
1458.95,10000000.0000420249999
1459.95,9999999.9999920520931
1460.95,10000000.0000079870224
1461.95,9999999.9999947473407
1462.95,10000000.0000067073852
1463.95,10000000.0000004786998
1464.95,10000000.0000371783972
1465.95,9999999.9999987147748
1466.95,9999999.9999823905528
1467.95,10000000.0000527352095
1468.95,10000000.0000056717545
1469.95,9999999.9999714847654
1470.95,10000000.0000170804560
1471.95,9999999.9999796766788
1472.95,10000000.0000276006758
1473.95,10000000.0000422839075
1474.95,10000000.0000286642462
1475.95,9999999.9999751709402
1476.95,10000000.0000460874289
1477.95,10000000.0000010002404
1478.95,10000000.0000701677054
1479.95,10000000.0000505857170
1480.95,10000000.0000562090427
1481.95,10000000.0000278651714
1482.95,10000000.0000213496387
1483.95,10000000.0000268407166
1484.95,10000000.0000201780349
1485.95,10000000.0000128019601
1486.95,10000000.0000373497605
1487.95,9999999.9999893233180
1488.95,10000000.0000091772527
1489.95,10000000.0000109132379
1490.95,10000000.0000453777611
1491.95,10000000.0000021737069
1492.95,10000000.0000407341868
1493.95,10000000.0000203605741
1494.95,10000000.0000011697412
1495.95,10000000.0000411495566
1496.95,9999999.9999995380640
1497.95,10000000.0000523664057
1498.95,10000000.0000281352550
1499.95,10000000.0000159181654
1500.95,10000000.0000000167638
1501.95,10000000.0000176839530
1502.95,10000000.0000336486846
1503.95,9999999.9999781530350
1504.95,10000000.0000102985650
1505.95,9999999.9999904315919
1506.95,10000000.0000478737056
1507.95,10000000.0000286083668
1508.95,9999999.9999893475324
1509.95,10000000.0000398457050
1510.95,10000000.0000385344028
1511.95,10000000.0000441558659
1512.95,10000000.0000385660678
1513.95,10000000.0000227447599
1514.95,10000000.0000467039645
1515.95,10000000.0000541917980
1516.95,10000000.0000362172723
1517.95,10000000.0000188611448
1518.95,10000000.0000234823674
1519.95,9999999.9999990724027
1520.95,10000000.0000093579292
1521.95,10000000.0000734683126
1522.95,10000000.0000102259219
1523.95,10000000.0000558272004
1524.95,10000000.0000737737864
1525.95,10000000.0000391732901
1526.95,10000000.0000048466027
1527.95,10000000.0000246446580
1528.95,10000000.0000717863441
1529.95,10000000.0000094622374
1530.95,9999999.9999888148159
1531.95,10000000.0000297892839
1532.95,10000000.0000595021993
1533.95,9999999.9999997671694
1534.95,10000000.0000201985240
1535.95,10000000.0000529438257
1536.95,10000000.0000346526504
1537.95,10000000.0000357180834
1538.95,10000000.0000051204115
1539.95,10000000.0000387281179
1540.95,10000000.0000195298344
1541.95,10000000.0000711381435
1542.95,10000000.0000474248081
1543.95,10000000.0000429954380
1544.95,10000000.0000283531845
1545.95,10000000.0000017229468
1546.95,10000000.0000062230974
1547.95,9999999.9999986570328
1548.95,10000000.0000071190298
1549.94,10000000.0000409763306
1550.94,9999999.9999648369849
1551.94,10000000.0000196266919
1552.94,10000000.0000100843608
1553.94,10000000.0000006258488
1554.94,9999999.9999893680215
1555.94,10000000.0000266991556
1556.94,10000000.0000730808824
1557.94,10000000.0000060014427
1558.94,9999999.9999918658286
1559.94,10000000.0000068526715
1560.94,10000000.0000187605619
1561.94,10000000.0000379383564
1562.94,10000000.0000728536397
1563.94,9999999.9999727439135
1564.94,9999999.9999942742288
1565.94,10000000.0000132638961
1566.94,10000000.0000078529119
1567.94,10000000.0000088121742
1568.94,10000000.0000101253390
1569.94,10000000.0000413861126
1570.94,10000000.0000208504498
1571.94,9999999.9999815057963
1572.94,10000000.0000175107270
1573.94,10000000.0000074282289
1574.94,10000000.0000395905226
1575.94,10000000.0000396985561
1576.94,10000000.0000191107392
1577.94,10000000.0000042095780
1578.94,9999999.9999861400574
1579.94,10000000.0000264123082
1580.94,10000000.0000396948308
1581.94,10000000.0000289417803
1582.94,10000000.0000506471843
1583.94,10000000.0000384226441
1584.94,9999999.9999826792628
1585.94,9999999.9999794606119
1586.94,10000000.0000265631825
1587.94,10000000.0000593084842
1588.94,10000000.0000123679638
1589.94,10000000.0000176280737
1590.94,9999999.9999654069543
1591.94,10000000.0000257045031
1592.94,9999999.9999816510826
1593.94,10000000.0000116135925
1594.94,10000000.0000461544842
1595.94,10000000.0000348594040
1596.94,10000000.0000052843243
1597.94,9999999.9999776855111
1598.94,9999999.9999750237912
1599.94,10000000.0000570714474
1600.94,10000000.0000659916550
1601.94,10000000.0000308919698
1602.94,10000000.0000069849193
1603.94,10000000.0000114291906
1604.94,10000000.0000484753400
1605.94,9999999.9999783430248
1606.94,10000000.0000196713954
1607.94,9999999.9999952819198
1608.94,10000000.0000425819308
1609.94,10000000.0000210963190
1610.94,10000000.0000436119735
1611.94,9999999.9999931380153
1612.94,10000000.0000039115548
1613.94,10000000.0000317376107
1614.94,10000000.0000180322677
1615.94,10000000.0000216513872
1616.94,10000000.0000145155936
1617.94,10000000.0000584125519
1618.94,10000000.0000161305070
1619.94,10000000.0000243280083
1620.94,10000000.0000130999833
1621.94,9999999.9999898932874
1622.94,9999999.9999738726765
1623.94,9999999.9999873731285
1624.94,10000000.0000126101077
1625.94,9999999.9999748487026
1626.94,10000000.0000367406756
1627.94,10000000.0000033825636
1628.94,9999999.9999916702509
1629.94,10000000.0000329446048
1630.94,9999999.9999977517873
1631.94,10000000.0000341869891
1632.94,10000000.0000189263374
1633.94,10000000.0000170785934
1634.94,9999999.9999947622418
1635.94,10000000.0000309292227
1636.94,10000000.0000067725778
1637.94,9999999.9999908525497
1638.94,10000000.0000196360052
1639.94,9999999.9999602902681
1640.94,10000000.0000100955367
1641.94,10000000.0000001434237
1642.94,10000000.0000224187970
1643.94,10000000.0000171624124
1644.94,10000000.0000023171306
1645.94,9999999.9999851733446
1646.94,10000000.0000438094139
1647.94,10000000.0000057537109
1648.94,10000000.0000096224248
1649.94,9999999.9999838415533
1650.94,9999999.9999972283840
1651.94,10000000.0000468008220
1652.94,10000000.0000270642340
1653.94,10000000.0000161714852
1654.94,10000000.0000168439001
1655.94,10000000.0000065937638
1656.94,9999999.9999912455678
1657.94,9999999.9999856092036
1658.94,10000000.0000463053584
1659.94,10000000.0000130273402
1660.94,9999999.9999915622175
1661.94,9999999.9999921973795
1662.94,10000000.0000104550272
1663.94,10000000.0000392924994
1664.94,9999999.9999853614718
1665.94,10000000.0000097285956
1666.94,10000000.0000221356750
1667.94,10000000.0000066403300
1668.94,10000000.0000387821347
1669.94,10000000.0000724252313
1670.94,10000000.0000185389072
1671.94,9999999.9999992717057
1672.94,9999999.9999998360872
1673.94,10000000.0000373832881
1674.94,10000000.0000278782099
1675.94,9999999.9999962858856
1676.94,10000000.0000287890434
1677.94,10000000.0000117570162
1678.94,10000000.0000708457083
1679.94,10000000.0000261347741
1680.94,10000000.0000187456608
1681.94,10000000.0000033080578
1682.94,10000000.0000284966081
1683.94,9999999.9999822247773
1684.94,10000000.0000587813556
1685.94,10000000.0000150632113
1686.94,10000000.0000161211938
1687.94,9999999.9999770168215
1688.94,10000000.0000350028276
1689.94,10000000.0000337306410
1690.94,10000000.0000467877835
1691.94,10000000.0000330004841
1692.94,10000000.0000501591712
1693.94,9999999.9999865889549
1694.94,10000000.0000395718962
1695.94,10000000.0000440888107
1696.94,10000000.0000433735549
1697.94,10000000.0000280924141
1698.94,10000000.0000564325601
1699.94,10000000.0000234842300
1700.94,10000000.0000216756016
1701.94,10000000.0000263825059
1702.94,10000000.0000131819397
1703.94,10000000.0000192299485
1704.94,10000000.0000151488930
1705.94,10000000.0000354535878
1706.94,10000000.0000268090516
1707.94,10000000.0000231657177
1708.94,10000000.0000208467245
1709.94,10000000.0000262781978
1710.94,10000000.0000006128103
1711.94,10000000.0000244043767
1712.94,9999999.9999942667782
1713.94,10000000.0000359527767
1714.94,10000000.0000198893249
1715.94,9999999.9999970011413
1716.94,10000000.0000673532486
1717.94,9999999.9999980963767
1718.94,10000000.0000466462225
1719.94,10000000.0000158064067
1720.94,10000000.0000695344061
1721.94,10000000.0000341124833
1722.94,10000000.0000434406102
1723.94,10000000.0000469125807
1724.94,10000000.0000044032931
1725.94,10000000.0000377129763
1726.94,10000000.0000085607171
1727.94,10000000.0000314954668
1728.94,10000000.0000240746886
1729.94,10000000.0000191517174
1730.94,10000000.0000347718596
1731.94,10000000.0000376459211
1732.94,10000000.0000366829336
1733.94,9999999.9999937023968
1734.94,10000000.0000378657132
1735.94,9999999.9999905619770
1736.94,9999999.9999975524843
1737.94,10000000.0000117681921
1738.94,9999999.9999912381172
1739.94,10000000.0000334586948
1740.94,10000000.0000421144068
1741.94,10000000.0000150762498
1742.94,10000000.0000095963478
1743.94,10000000.0000486318022
1744.94,9999999.9999989531934
1745.94,10000000.0000714361668
1746.94,9999999.9999822396785
1747.94,9999999.9999612104148
1748.94,10000000.0000830236822
1749.94,10000000.0000395867974
1750.94,10000000.0000472106040
1751.94,10000000.0000172816217
1752.94,10000000.0000465326011
1753.94,10000000.0000159218907
1754.94,9999999.9999828357249
1755.94,10000000.0000821873546
1756.94,10000000.0000200178474
1757.94,9999999.9999597780406
1758.94,10000000.0000493992120
1759.94,10000000.0000075958669
1760.94,10000000.0000368505716
1761.94,10000000.0000126138330
1762.94,10000000.0000172685832
1763.94,10000000.0000112522393
1764.94,10000000.0000118110329
1765.94,10000000.0000156536698
1766.94,10000000.0000566374511
1767.94,10000000.0000400207937
1768.94,10000000.0000425316393
1769.94,10000000.0000320486724
1770.94,10000000.0000253673643
1771.94,9999999.9999844823033
1772.94,10000000.0000642836094
1773.94,10000000.0000576153398
1774.94,10000000.0000040400773
1775.94,10000000.0000121481717
1776.94,10000000.0000311732292
1777.94,10000000.0000148229301
1778.94,10000000.0000094547868
1779.94,10000000.0000481382012
1780.94,9999999.9999963343143
1781.94,10000000.0000213719904
1782.94,10000000.0000046584755
1783.94,10000000.0000151135027
1784.94,10000000.0000003296882
1785.94,10000000.0000170376152
1786.94,10000000.0000353436917
1787.94,10000000.0000786557794
1788.94,10000000.0000146310776
1789.94,10000000.0000353418291
1790.94,10000000.0000030584633
1791.94,10000000.0000353977084
1792.94,10000000.0000670570880
1793.94,10000000.0000111851841
1794.94,10000000.0000158715993
1795.94,10000000.0000517815351
1796.94,10000000.0000630039722
1797.94,9999999.9999823421240
1798.94,10000000.0000250283629
1799.94,9999999.9999773632735
1800.94,10000000.0000223293900
1801.94,10000000.0000308621675
1802.94,9999999.9999487660825
1803.94,9999999.9999822061509
1804.94,10000000.0000526327640
1805.94,9999999.9999894499779
1806.94,10000000.0000125113875
1807.94,10000000.0000432897359
1808.94,10000000.0000135395676
1809.94,10000000.0000300854445
1810.94,10000000.0000360831618
1811.94,10000000.0000151488930
1812.94,9999999.9999622106552
1813.94,10000000.0000179056078
1814.94,9999999.9999975617975
1815.94,10000000.0000342447311
1816.94,9999999.9999942891300
1817.94,10000000.0000312197953
1818.94,9999999.9999911021441
1819.94,10000000.0000313147902
1820.94,10000000.0000585168600
1821.94,10000000.0000060759485
1822.94,9999999.9999728221446
1823.94,10000000.0000504907221
1824.94,9999999.9999990575016
1825.94,10000000.0000551529229
1826.94,10000000.0000214502215
1827.94,10000000.0000493656844
1828.94,10000000.0000482853502
1829.94,10000000.0000184122473
1830.93,10000000.0000192038715
1831.93,10000000.0000515952706
1832.93,10000000.0000491663814
1833.93,9999999.9999590627849
1834.93,10000000.0000764857978
1835.93,10000000.0000294763595
1836.93,9999999.9999871868640
1837.93,9999999.9999756664038
1838.93,10000000.0000035278499
1839.93,9999999.9999939985573
1840.93,10000000.0000288728625
1841.93,10000000.0000083930790
1842.93,9999999.9999899473041
1843.93,10000000.0000055413693
1844.93,10000000.0000101756305
1845.93,9999999.9999989438802
1846.93,10000000.0000096578151
1847.94,9999999.9999891780317
1848.93,10000000.0000132452697
1849.93,10000000.0000664647669
1850.93,9999999.9999751411378
1851.93,9999999.9999893549830
1852.93,9999999.9999853484333
1853.93,9999999.9999816324562
1854.93,9999999.9999652560800
1855.93,10000000.0000594370067
1856.93,9999999.9999900273979
1857.93,9999999.9999944288284
1858.93,10000000.0000344812870
1859.93,10000000.0000466145575
1860.93,9999999.9999439250678
1861.93,10000000.0000112093985
1862.93,9999999.9999862872064
1863.93,10000000.0000216960907
1864.93,10000000.0000606719404
1865.93,9999999.9999917056412
1866.93,10000000.0000263731927
1867.93,10000000.0000110901892
1868.93,10000000.0000054016709
1869.93,10000000.0000067595392
1870.93,10000000.0000592377037
1871.93,10000000.0000008977950
1872.93,9999999.9999910201877
1873.93,10000000.0000014118850
1874.93,9999999.9999869186431
1875.93,10000000.0000402387232
1876.93,10000000.0000383965671
1877.93,10000000.0000167749822
1878.93,10000000.0000832155347
1879.93,9999999.9999626297504
1880.93,10000000.0000853314996
1881.93,9999999.9999732449651
1882.93,10000000.0000467374921
1883.93,10000000.0000489223748
1884.93,10000000.0000306405127
1885.93,10000000.0000344831496
1886.93,9999999.9999821744859
1887.93,10000000.0000705085695
1888.93,10000000.0000488162041
1889.93,10000000.0000498592854
1890.93,10000000.0000304132700
1891.93,10000000.0000900197774
1892.93,9999999.9999921210110
1893.93,10000000.0000293254852
1894.93,10000000.0000419784337
1895.93,10000000.0000158529729
1896.93,9999999.9999620933086
1897.93,10000000.0000831261277
1898.93,9999999.9999941177666
1899.93,10000000.0000174157321
1900.93,10000000.0000539515167
1901.93,10000000.0000137519091
1902.93,10000000.0000236909837
1903.93,10000000.0000287201256
1904.93,10000000.0000844765455
1905.93,10000000.0000440664589
1906.93,10000000.0000223126262
1907.93,10000000.0000680442899
1908.93,10000000.0000318475068
1909.93,10000000.0000127274543
1910.93,9999999.9999649822712
1911.93,10000000.0000187680125
1912.93,10000000.0000535640866
1913.93,9999999.9999834187329
1914.93,10000000.0000242218375
1915.93,10000000.0000092256814
1916.93,10000000.0000431854278
1917.93,10000000.0000029820949
1918.93,10000000.0000458471477
1919.93,10000000.0000436715782
1920.93,10000000.0000512339175
1921.93,10000000.0000245999545
1922.93,10000000.0000390727073
1923.93,10000000.0000517871231
1924.93,10000000.0000248383731
1925.93,10000000.0000133644789
1926.93,10000000.0000327229500
1927.93,10000000.0000276546925
1928.93,10000000.0000295117497
1929.93,10000000.0000220164657
1930.93,10000000.0000224336982
1931.93,10000000.0000211670995
1932.93,10000000.0000634025782
1933.93,10000000.0000600554049
1934.93,10000000.0000061076134
1935.93,10000000.0000540167093
1936.93,10000000.0000479128212
1937.93,9999999.9999740738422
1938.93,9999999.9999957494438
1939.93,10000000.0000228229910
1940.93,10000000.0000185631216
1941.93,10000000.0000670142472
1942.93,10000000.0000023320317
1943.93,10000000.0000399406999
1944.93,10000000.0000009834766
1945.93,10000000.0000337455422
1946.93,10000000.0000394806266
1947.93,10000000.0000475011766
1948.93,9999999.9999741800129
1949.93,10000000.0000381059945
1950.93,10000000.0000574234873
1951.93,9999999.9999990202487
1952.93,10000000.0000402219594
1953.93,9999999.9999649412930
1954.93,10000000.0000235270709
1955.93,9999999.9999806247652
1956.93,10000000.0000143796206
1957.93,10000000.0000320859253
1958.93,9999999.9999631885439
1959.93,10000000.0000981576741
1960.93,10000000.0000436492264
1961.93,9999999.9999893698841
1962.93,10000000.0000225156546
1963.93,10000000.0000558160245
1964.93,10000000.0000376310199
1965.93,9999999.9999911580235
1966.93,10000000.0000030118972
1967.93,10000000.0000203512609
1968.93,9999999.9999901093543
1969.93,9999999.9999853186309
1970.93,10000000.0000099167228
1971.93,10000000.0000561010092
1972.93,10000000.0000227559358
1973.93,10000000.0000550374389
1974.93,9999999.9999764319509
1975.93,10000000.0000021141022
1976.93,10000000.0000119544566
1977.93,10000000.0000207349658
1978.93,10000000.0000185817480
1979.93,10000000.0000297147781
1980.93,10000000.0000622719526
1981.93,10000000.0000141486526
1982.93,9999999.9999931640923
1983.93,10000000.0000124499202
1984.93,10000000.0000528208911
1985.93,9999999.9999864939600
1986.93,10000000.0000173114240
1987.93,9999999.9999939613044
1988.93,10000000.0000175293535
1989.93,10000000.0000410620123
1990.93,10000000.0000055134296
1991.93,10000000.0000122580677
1992.93,10000000.0000562258065
1993.93,10000000.0000059716403
1994.93,10000000.0000303089619
1995.93,9999999.9999695476145
1996.93,9999999.9999550152570
1997.93,10000000.0000216066837
1998.93,10000000.0000452827662
1999.93,10000000.0000313334167
2000.93,10000000.0000617410988
2001.93,10000000.0000350996852
2002.93,9999999.9999877028167
2003.93,10000000.0000135358423
2004.93,9999999.9999992381781
2005.93,10000000.0000188257545
2006.93,9999999.9999619219452
2007.93,9999999.9999918397516
2008.93,9999999.9999969545752
2009.93,9999999.9999949429184
2010.93,10000000.0000123642385
2011.93,10000000.0000243969262
2012.93,10000000.0000468362123
2013.93,10000000.0000100489706
2014.93,9999999.9999889004976
2015.93,10000000.0000031981617
2016.93,10000000.0000035166740
2017.93,10000000.0000071078539
2018.93,9999999.9999825134873
2019.93,10000000.0000326056033
2020.93,10000000.0000354629010
2021.93,10000000.0000180471689
2022.93,10000000.0000271704048
2023.93,10000000.0000265501440
2024.93,10000000.0000240076333
2025.93,10000000.0000303704292
2026.93,9999999.9999915380031
2027.93,10000000.0000451765954
2028.93,10000000.0000044144690
2029.93,9999999.9999962504953
2030.93,9999999.9999929312617
2031.93,10000000.0000157151371
2032.93,10000000.0000222455710
2033.93,10000000.0000522639602
2034.93,10000000.0000231917948
2035.93,9999999.9999712873250
2036.93,10000000.0000092927366
2037.93,10000000.0000337976962
2038.93,10000000.0000345576555
2039.93,9999999.9999975655228
2040.93,10000000.0000664740801
2041.93,10000000.0000104587525
2042.93,10000000.0000186767429
2043.93,10000000.0000527165830
2044.93,9999999.9999823346734
2045.93,10000000.0000043455511
2046.93,10000000.0000307969749
2047.93,10000000.0000447500497
2048.93,9999999.9999936465174
2049.93,10000000.0000002197921
2050.93,10000000.0000310260803
2051.93,10000000.0000400710851
2052.93,9999999.9999881852418
2053.93,10000000.0000334158540
2054.93,10000000.0000176094472
2055.93,9999999.9999852441251
2056.93,9999999.9999839402735
2057.93,10000000.0000352952629
2058.93,10000000.0000074319541
2059.93,10000000.0000621341169
2060.93,10000000.0000040996820
2061.93,9999999.9999869894236
2062.93,9999999.9999975115061
2063.93,10000000.0000476259738
2064.93,9999999.9999992884696
2065.93,10000000.0000135954469
2066.93,10000000.0000248569995
2067.93,10000000.0000277198851
2068.93,10000000.0000187251717
2069.93,9999999.9999607466161
2070.93,10000000.0000291634351
2071.93,10000000.0000242888927
2072.93,10000000.0000828094780
2073.93,9999999.9999791067094
2074.93,10000000.0000837370753
2075.93,10000000.0000348705798
2076.93,10000000.0000433586538
2077.93,10000000.0000535156578
2078.93,10000000.0000060088933
2079.93,10000000.0000133942813
2080.93,10000000.0000159777701
2081.93,10000000.0000327117741
2082.93,10000000.0000224690884
2083.93,10000000.0000287517905
2084.93,10000000.0000149197876
2085.93,10000000.0000777412206
2086.93,10000000.0000492744148
2087.93,10000000.0000464431942
2088.93,9999999.9999899510294
2089.93,10000000.0000753756613
2090.93,9999999.9999744668603
2091.93,10000000.0000416785479
2092.93,9999999.9999945461750
2093.93,10000000.0000391155481
2094.93,10000000.0000132545829
2095.93,10000000.0000285655260
2096.93,9999999.9999821279198
2097.93,10000000.0000162962824
2098.93,10000000.0000206790864
2099.93,9999999.9999918509275
2100.93,10000000.0000231005251
2101.93,10000000.0000495072454
2102.93,10000000.0000010151416
2103.93,10000000.0000288132578
2104.93,9999999.9999998062849
2105.93,10000000.0000284928828
2106.93,9999999.9999874513596
2107.93,9999999.9999809954315
2108.93,10000000.0000138785690
2109.93,10000000.0000299979001
2110.93,10000000.0000573322177
2111.92,10000000.0000545531511
2112.92,9999999.9999814033508
2113.92,10000000.0000546611845
2114.92,10000000.0000330302864
2115.92,10000000.0000248588622
2116.92,10000000.0000499710441
2117.92,10000000.0000274777412
2118.92,10000000.0000584553927
2119.92,10000000.0000574737787
2120.92,10000000.0000600274652
2121.92,10000000.0000086147338
2122.92,10000000.0000146739185
2123.92,10000000.0000729318708
2124.92,10000000.0000204183161
2125.92,10000000.0000195372850
2126.92,10000000.0000367611647
2127.92,10000000.0000092983246
2128.92,10000000.0000011902303
2129.92,10000000.0000231303275
2130.92,10000000.0000362861902
2131.92,10000000.0000277161598
2132.92,9999999.9999909382313
2133.92,10000000.0000543743372
2134.92,10000000.0000114701688
2135.92,10000000.0000728387386
2136.92,10000000.0000581331551
2137.92,10000000.0000280849636
2138.92,9999999.9999961182475
2139.92,10000000.0000384915620
2140.92,10000000.0000183433294
2141.92,10000000.0000003091991
2142.92,9999999.9999880995601
2143.92,10000000.0000166948885
2144.92,10000000.0000511687249
2145.92,10000000.0000046063215
2146.92,10000000.0000545121729
2147.92,10000000.0000205487013
2148.92,10000000.0000619944185
2149.92,10000000.0000143311918
2150.92,10000000.0000434257090
2151.92,9999999.9999841507524
2152.92,10000000.0000085793436
2153.92,10000000.0000199265778
2154.92,10000000.0000292658806
2155.92,10000000.0000224597752
2156.92,9999999.9999951962382
2158.18,10000000.0000303592533
2159.18,10000000.0000499654561
2160.18,9999999.9999951776117
2161.18,10000000.0000341739506
2162.18,10000000.0000183153898
2163.18,9999999.9999876059592
2164.18,10000000.0000269599259
2165.18,9999999.9999816082418
2166.18,10000000.0000323243439
2167.18,10000000.0000168457627
2168.18,9999999.9999877586961
2169.18,10000000.0000402312726
2170.18,10000000.0000282581896
2171.18,10000000.0000546909869
2172.18,10000000.0000566970557
2173.18,9999999.9999759979546
2174.18,10000000.0000390093774
2175.18,10000000.0000749919564
2176.18,10000000.0000200569630
2177.18,10000000.0000197254121
2178.18,10000000.0000147130340
2179.18,10000000.0000466033816
2180.18,10000000.0000046696514
2181.18,9999999.9999650698155
2182.18,10000000.0000795200467
2183.18,9999999.9999924395233
2184.18,10000000.0000339355320
2185.18,10000000.0000114738941
2186.18,9999999.9999605733901
2187.18,10000000.0000625699759
2188.18,9999999.9999875705689
2189.18,10000000.0000232979655
2190.18,9999999.9999828897417
2191.18,10000000.0000361297280
2192.18,10000000.0000185258687
2193.18,10000000.0000255480409
2194.18,10000000.0000379439443
2195.18,9999999.9999958537519
2196.18,9999999.9999816324562
2197.18,9999999.9999447558075
2198.18,10000000.0000416282564
2199.18,10000000.0000382903963
2200.18,10000000.0000326391309
2201.18,9999999.9999728854746
2202.18,10000000.0000625327229
2203.18,10000000.0000352766365
2204.18,10000000.0000317599624
2205.18,10000000.0000643022358
2206.18,10000000.0000509172678
2207.18,10000000.0000241994858
2208.18,10000000.0000423416495
2209.18,9999999.9999887775630
2210.18,10000000.0000127013773
2211.18,10000000.0000073462725
2212.18,9999999.9999864082783
2213.18,10000000.0000173896551
2214.18,10000000.0000654608011
2215.18,9999999.9999841470271
2216.18,9999999.9999550599605
2217.18,10000000.0000826567411
2218.18,9999999.9999704193324
2219.18,10000000.0000365227461
2220.18,9999999.9999910648912
2221.18,10000000.0000666398555
2222.18,9999999.9999896194786
2223.18,10000000.0000500511378
2224.18,10000000.0000123679638
2225.18,10000000.0000106338412
2226.18,9999999.9999858420342
2227.18,10000000.0000492110848
2228.18,10000000.0000199526548
2229.18,10000000.0000094976276
2230.18,10000000.0000010374933
2231.18,10000000.0000316724181
2232.18,10000000.0000133812428
2233.18,9999999.9999929573387
2234.18,10000000.0000126138330
2235.18,9999999.9999664500356
2236.18,10000000.0000110343099
2237.18,10000000.0000412221998
2238.18,10000000.0000406522304
2239.18,9999999.9999954700470
2240.18,10000000.0000120829791
2241.18,10000000.0000037010759
2242.18,10000000.0000374354422
2243.18,10000000.0000092368573
2244.18,9999999.9999930877239
2245.18,9999999.9999580513686
2246.18,10000000.0000949706882
2247.18,9999999.9999969452620
2248.18,10000000.0000282246619
2249.18,9999999.9999735020101
2250.18,9999999.9999974500388
2251.18,10000000.0000088680536
2252.18,10000000.0000310000032
2253.18,10000000.0000193119049
2254.18,10000000.0000126771629
2255.18,10000000.0000036973506
2256.18,9999999.9999991022050
2257.18,10000000.0000162888318
2258.18,10000000.0000344868749
2259.18,10000000.0000277850777
2260.18,10000000.0000507440418
2261.18,10000000.0000141635537
2262.18,9999999.9999659191817
2263.18,9999999.9999913051724
2264.18,9999999.9999690763652
2265.18,10000000.0000075343996
2266.18,9999999.9999880231917
2267.18,9999999.9999959450215
2268.18,10000000.0000284016132
2269.18,9999999.9999609310180
2270.18,10000000.0000156592578
2271.18,10000000.0000443514436
2272.18,10000000.0000311899930
2273.18,10000000.0000167768449
2274.18,10000000.0000179260969
2275.18,9999999.9999895654619
2276.18,10000000.0000305026770
2277.18,10000000.0000675581396
2278.18,10000000.0000113397837
2279.18,10000000.0000355467200
2280.18,10000000.0000256989151
2281.18,10000000.0000139027834
2282.18,10000000.0000035203993
2283.18,10000000.0000006239861
2284.18,10000000.0000273305923
2285.18,9999999.9999910499901
2286.18,9999999.9999959729612
2287.18,10000000.0000668503344
2288.18,10000000.0000061802566
2289.18,10000000.0000280197710
2290.18,10000000.0000224709511
2291.18,10000000.0000763814896
2292.18,10000000.0000081248581
2293.18,10000000.0000581312925
2294.18,9999999.9999858140945
2295.18,10000000.0000452287495
2296.18,10000000.0000181570649
2297.18,10000000.0000870749354
2298.18,10000000.0000467207283
2299.18,10000000.0000266935676
2300.18,9999999.9999983739108
2301.18,10000000.0000490657985
2302.18,10000000.0000424031168
2303.18,9999999.9999887477607
2304.18,10000000.0000156462193
2305.18,10000000.0000632256269
2306.18,10000000.0000479649752
2307.18,10000000.0000261589885
2308.17,10000000.0000573955476
2309.17,10000000.0000027306378
2310.17,10000000.0000443942845
2311.17,10000000.0000116694719
2312.17,10000000.0000086333603
2313.17,10000000.0000155195594
2314.17,10000000.0000208504498
2315.17,10000000.0000164657831
2316.17,10000000.0000503081828
2317.17,10000000.0000614039600
2318.17,10000000.0000433903188
2319.17,10000000.0000345166773
2320.17,10000000.0000217445195
2321.17,10000000.0000489149243
2322.17,10000000.0000357627869
2323.17,10000000.0000302195549
2324.17,10000000.0000293739140
2325.17,10000000.0000376962125
2326.17,10000000.0000031739473
2327.17,10000000.0000416338444
2328.17,9999999.9999883752316
2329.17,10000000.0000111628324
2330.17,10000000.0000369381160
2331.17,10000000.0000724811107
2332.17,10000000.0000088792294
2333.17,10000000.0000524502248
2334.17,10000000.0000301953405
2335.17,10000000.0000434406102
2336.17,10000000.0000311899930
2337.17,9999999.9999995213002
2338.17,10000000.0000549051911
2339.17,10000000.0000103078783
2340.17,9999999.9999807346612
2341.17,9999999.9999935682863
2342.17,10000000.0000147353858
2343.17,9999999.9999816771597
2344.17,10000000.0000387243927
2345.17,9999999.9999910425395
2346.17,10000000.0000188034028
2347.17,9999999.9999944809824
2348.17,10000000.0000254493207
2349.17,9999999.9999997019768
2350.17,10000000.0000738203526
2351.17,10000000.0000362731516
2352.17,10000000.0000160876662
2353.17,9999999.9999657552689
2354.17,10000000.0000645760447
2355.17,10000000.0000269562006
2356.17,10000000.0000268761069
2357.17,10000000.0000394750386
2358.17,10000000.0000216141343
2359.17,10000000.0000342149287
2360.17,10000000.0000058468431
2361.17,10000000.0000296067446
2362.17,9999999.9999953992665
2363.17,10000000.0000264775008
2364.17,9999999.9999933186918
2365.17,10000000.0000025443733
2366.17,10000000.0000518728048
2367.17,10000000.0000550299883
2368.17,9999999.9999879300594
2369.17,10000000.0000331979245
2370.17,9999999.9999672044069
2371.17,10000000.0000453740358
2372.17,9999999.9999886173755
2373.17,10000000.0000531058758
2374.17,10000000.0000074654818
2375.17,10000000.0000411029905
2376.17,10000000.0000298824161
2377.17,10000000.0000207573175
2378.17,10000000.0000226311386
2379.17,9999999.9999531619251
2380.17,10000000.0000280216336
2381.17,9999999.9999965243042
2382.17,10000000.0000395458192
2383.17,10000000.0000426415354
2384.17,10000000.0000248830765
2385.17,10000000.0000494252890
2386.17,10000000.0000171400607
2387.17,10000000.0000249110162
2388.17,10000000.0000247526914
2389.17,9999999.9999884609133
2390.17,10000000.0000240020454
2391.17,10000000.0000680238008
2392.17,10000000.0000121854246
2393.17,10000000.0000353604555
2394.17,10000000.0000177193433
2395.17,10000000.0000237990171
2396.17,10000000.0000565256923
2397.17,10000000.0000116545707
2398.17,10000000.0000262968242
2399.17,10000000.0000061281025
2400.17,9999999.9999925289303
2401.17,10000000.0000085420907
2402.17,10000000.0000443253666
2403.17,10000000.0000173673034
2404.17,10000000.0000089798123
2405.17,10000000.0000276006758
2406.17,10000000.0000484418124
2407.17,9999999.9999554418027
2408.17,10000000.0000205487013
2409.17,10000000.0000428985804
2410.17,9999999.9999876506627
2411.17,10000000.0000425297767
2412.17,10000000.0000397171825
2413.17,9999999.9999555926770
2414.17,9999999.9999708831310
2415.17,10000000.0000151284039
2416.17,10000000.0000235568732
2417.17,9999999.9999926909804
2418.17,10000000.0000143311918
2419.17,10000000.0000841971487
2420.17,10000000.0000772979110
2421.17,10000000.0000097900629
2422.17,10000000.0000066049397
2423.17,10000000.0000110249966
2424.17,10000000.0000472236425
2425.17,10000000.0000211633742
2426.17,10000000.0000223685056
2427.17,10000000.0000110641122
2428.17,9999999.9999948367476
2429.17,9999999.9999961629510
2430.17,10000000.0000265035778
2431.17,9999999.9999911561608
2432.17,10000000.0000817272812
2433.17,10000000.0000248886645
2434.17,10000000.0000215526670
2435.17,10000000.0000183843076
2436.17,10000000.0000493042171
2437.17,10000000.0000204276294
2438.17,10000000.0000429935753
2439.17,10000000.0000145565718
2440.17,9999999.9999933708459
2441.17,10000000.0000124424696
2442.17,10000000.0000236779451
2443.17,9999999.9999933503568
2444.17,10000000.0000159796327
2445.17,10000000.0000924821943
2446.17,9999999.9999793786556
2447.17,10000000.0000218190253
2448.17,9999999.9999880511314
2449.17,10000000.0000809021294
2450.17,9999999.9999999292195
2451.17,9999999.9999940693378
2452.17,9999999.9999941699207
2453.17,10000000.0000245757401
2454.17,10000000.0000375919044
2455.17,9999999.9999869000167
2456.17,10000000.0000314656645
2457.17,10000000.0000439453870
2458.17,9999999.9999908916652
2459.17,10000000.0000105109066
2460.17,10000000.0000530760735
2461.17,10000000.0000355858356
2462.17,9999999.9999981392175
2463.17,10000000.0000029932708
2464.17,9999999.9999832324684
2465.17,10000000.0000128373504
2466.17,10000000.0000452715904
2467.17,10000000.0000401921570
2468.17,10000000.0000113435090
2469.17,10000000.0000258516520
2470.17,9999999.9999949336052
2471.17,10000000.0000261142850
2472.17,10000000.0000359565020
2473.17,10000000.0000368207693
2474.17,10000000.0000227242708
2475.17,10000000.0000535789877
2476.17,9999999.9999940767884
2477.17,10000000.0000869445503
2478.17,9999999.9999844264239
2479.17,10000000.0000614468008
2480.17,10000000.0000220797956
2481.17,10000000.0000741071999
2482.17,10000000.0000086035579
2483.17,10000000.0000291634351
2484.17,10000000.0000367388129
2485.17,10000000.0000592786819
2486.17,10000000.0000389311463
2487.17,10000000.0000093895942
2488.17,10000000.0000046249479
2489.17,9999999.9999830927700
2490.17,10000000.0000134799629
2491.17,10000000.0000765509903
2492.17,10000000.0000382326543
2493.17,10000000.0000715106726
2494.17,10000000.0000470094383
2495.17,10000000.0000019632280
2496.17,10000000.0000393260270
2497.17,10000000.0000395569950
2498.17,10000000.0000419709831
2499.17,9999999.9999650903046
2500.17,10000000.0000222139060
2501.17,10000000.0000839456916
2502.17,10000000.0000679939985
2503.17,9999999.9999900273979
2504.17,10000000.0000225938857
2505.17,10000000.0000315643847
2506.17,10000000.0000138673931
2507.17,10000000.0000121407211
2508.17,10000000.0000202562660
2509.17,10000000.0000573545694
2510.17,9999999.9999993443489
2511.17,10000000.0000361464918
2512.17,10000000.0000137016177
2513.17,10000000.0000338610262
2514.17,10000000.0000306814909
2515.17,10000000.0000523254275
2516.17,10000000.0000065863132
2517.17,10000000.0000693444163
2518.17,10000000.0000124629587
2519.17,10000000.0000533387065
2520.17,9999999.9999822154641
2521.17,9999999.9999966546893
2522.17,10000000.0000408459455
2523.17,10000000.0000602509826
2524.17,10000000.0000282041728
2525.17,10000000.0000689364970
2526.17,10000000.0000053346157
2527.17,10000000.0000162627548
2528.17,9999999.9999939855188
2529.17,10000000.0000124908984
2530.17,10000000.0000221952796
2531.17,10000000.0000241249800
2532.17,10000000.0000109653920
2533.17,9999999.9999855533242
2534.17,9999999.9999918267131
2535.17,10000000.0000330694020
2536.17,10000000.0000462308526
2537.17,9999999.9999996107072
2538.17,10000000.0000353716314
2539.17,10000000.0000510420650
2540.17,9999999.9999986831099
2541.17,10000000.0000528283417
2542.17,10000000.0000581685454
2543.17,10000000.0000004526228
2544.17,10000000.0000057257712
2545.17,9999999.9999797195196
2546.17,10000000.0000558197498
2547.17,10000000.0000500846654
2548.17,9999999.9999701958150
2549.17,10000000.0000129565597
2550.17,10000000.0000135414302
2551.17,10000000.0000429376960
2552.17,10000000.0000325869769
2553.17,10000000.0000250283629
2554.17,10000000.0000121872872
2555.17,10000000.0000258572400
2556.17,10000000.0000207610428
2557.17,10000000.0000466089696
2558.17,10000000.0000739004463
2559.17,10000000.0000229179859
2560.17,10000000.0000262055546
2561.17,10000000.0000178944319
2562.17,10000000.0000625643879
2563.17,10000000.0000133682042
2564.17,10000000.0000135842711
2565.17,9999999.9999672640115
2566.17,10000000.0000219754875
2567.17,10000000.0000638384372
2568.17,10000000.0000251736492
2569.17,10000000.0000351797789
2570.17,10000000.0000389199704
2571.17,10000000.0000097621232
2572.17,10000000.0000077113509
2573.17,9999999.9999814108014
2574.17,9999999.9999829847366
2575.17,10000000.0000065639615
2576.17,10000000.0000148862600
2577.17,10000000.0000942852348
2578.17,9999999.9999880474061
2579.17,10000000.0000185146928
2580.17,10000000.0000502411276
2581.17,10000000.0000392906368
2582.17,9999999.9999821577221
2583.17,10000000.0000254102051
2584.17,10000000.0000557806343
2585.17,10000000.0000261720270
2586.17,9999999.9999879002571
2587.17,10000000.0000655073673
2588.17,9999999.9999960977584
2589.17,10000000.0000310298055
2590.17,9999999.9999975692481
2591.16,10000000.0000823363662
2592.16,10000000.0000115111470
2593.16,9999999.9999793600291
2594.16,10000000.0000178702176
2595.16,10000000.0000077001750
2596.16,9999999.9999574664980
2597.16,10000000.0000663697720
2598.16,9999999.9999843966216
2599.16,10000000.0000328645110
2600.16,9999999.9999998826534
2601.16,9999999.9999679382890
2602.16,10000000.0000308658928
2603.16,9999999.9999971669167
2604.16,10000000.0000340119004
2605.16,10000000.0000201147050
2606.16,10000000.0000121966004
2607.16,10000000.0000145118684
2608.16,10000000.0000205375254
2609.16,10000000.0000114031136
2610.16,10000000.0000354219228
2611.16,10000000.0000103656203
2612.16,10000000.0000320095569
2613.16,10000000.0000189188868
2614.16,10000000.0000772345811
2615.16,10000000.0000323150307
2616.16,9999999.9999681003392
2617.16,10000000.0000112578273
2618.16,10000000.0000093504786
2619.16,9999999.9999736491591
2620.16,9999999.9999934844673
2621.16,10000000.0000588260591
2622.16,10000000.0000659357756
2623.16,10000000.0000140406191
2624.16,9999999.9999812766910
2625.16,10000000.0000549945980
2626.16,9999999.9999528527260
2627.16,10000000.0000225808471
2628.16,10000000.0000127013773
2629.16,10000000.0000236462802
2630.16,9999999.9999925699085
2631.16,10000000.0000215489417
2632.16,10000000.0000364631414
2633.16,10000000.0000419821590
2634.16,10000000.0000125262886
2635.16,10000000.0000414382666
2636.16,10000000.0000046566129
2637.16,10000000.0000036414713
2638.16,9999999.9999685268849
2639.16,10000000.0000073723495
2640.16,10000000.0000440999866
2641.16,9999999.9999819286168
2642.16,10000000.0000679586083
2643.16,10000000.0000263322145
2644.16,10000000.0000319704413
2645.16,9999999.9999695196748
2646.16,10000000.0000069420785
2647.16,9999999.9999972600490
2648.16,10000000.0000260677189
2649.16,10000000.0000531543046
2650.16,10000000.0000606700778
2651.16,10000000.0000177659094
2652.16,10000000.0000670775771
2653.16,10000000.0000064428896
2654.16,9999999.9999934211373
2655.16,10000000.0000310391188
2656.16,10000000.0000121966004
2657.16,10000000.0000695586205
2658.16,10000000.0000338070095
2659.16,10000000.0000696573406
2660.16,9999999.9999595191330
2661.16,10000000.0000215228647
2662.16,10000000.0000246185809
2663.16,10000000.0000185202807
2664.16,10000000.0000193733722
2665.16,10000000.0000721961260
2666.16,10000000.0000042188913
2667.16,10000000.0000239927322
2668.16,9999999.9999862443656
2669.16,10000000.0000212192535
2670.16,10000000.0000331830233
2671.16,9999999.9999836534262
2672.16,10000000.0000272486359
2673.16,10000000.0000074226409
2674.16,10000000.0000418554991
2675.16,10000000.0000472236425
2676.16,10000000.0000100545585
2677.16,10000000.0000305715948
2678.16,10000000.0000586044043
2679.16,10000000.0000549145043
2680.16,10000000.0000444892794
2681.16,9999999.9999987725168
2682.16,10000000.0000666324049
2683.16,10000000.0000566318631
2684.16,9999999.9999997392297
2685.16,10000000.0000504460186
2686.16,10000000.0000436492264
2687.16,10000000.0000800583512
2688.16,10000000.0000644922256
2689.16,10000000.0000062659383
2690.16,10000000.0000327844173
2691.16,10000000.0000017639250
2692.16,10000000.0000199414790
2693.16,10000000.0000306814909
2694.16,9999999.9999906960875
2695.16,10000000.0000175479800
2696.16,10000000.0000001639128
2697.16,10000000.0000684503466
2698.16,9999999.9999988116324
2699.16,10000000.0000493805856
2700.16,10000000.0000360272825
2701.16,9999999.9999946244061
2702.16,10000000.0000346619636
2703.16,10000000.0000508017838
2704.16,10000000.0000136885792
2705.16,10000000.0000282954425
2706.16,10000000.0000367872417
2707.16,10000000.0000560488552
2708.16,10000000.0000388454646
2709.16,10000000.0000244211406
2710.16,10000000.0000367499888
2711.16,10000000.0000060796738
2712.16,10000000.0000590868294
2713.16,10000000.0000020023435
2714.16,10000000.0000271033496
2715.16,10000000.0000222213566
2716.16,10000000.0000225082040
2717.16,10000000.0000145882368
2718.16,10000000.0000668540597
2719.16,10000000.0000161286443
2720.16,10000000.0000713672489
2721.16,10000000.0000270996243
2722.16,10000000.0000883862376
2723.16,10000000.0000186767429
2724.16,10000000.0000480823219
2725.16,10000000.0000085178763
2726.16,9999999.9999859109521
2727.16,10000000.0000423099846
2728.16,10000000.0000014640391
2729.16,10000000.0000305045396
2730.16,9999999.9999688640237
2731.16,10000000.0000721421093
2732.16,9999999.9999804347754
2733.16,10000000.0000211857259
2734.16,10000000.0000711213797
2735.16,10000000.0000198222697
2736.16,10000000.0000317580998
2737.16,10000000.0000033657998
2738.16,10000000.0000311266631
2739.16,10000000.0000194404274
2740.16,9999999.9999800678343
2741.16,10000000.0000374261290
2742.16,10000000.0000153183937
2743.16,10000000.0000320337713
2744.16,10000000.0000200923532
2745.16,10000000.0000277590007
2746.16,10000000.0000200215727
2747.16,9999999.9999597109854
2748.16,10000000.0000189356506
2749.16,10000000.0000475309789
2750.16,10000000.0000271461904
2751.16,10000000.0000315271318
2752.16,10000000.0000500343740
2753.16,10000000.0000088382512
2754.16,10000000.0000150687993
2755.16,10000000.0000504925847
2756.16,10000000.0000414941460
2757.16,10000000.0000034011900
2758.16,10000000.0000483300537
2759.16,10000000.0000374354422
2760.16,9999999.9999764375389
2761.16,10000000.0000055078417
2762.16,10000000.0000078137964
2763.16,10000000.0000351965427
2764.16,10000000.0000189840794
2765.16,10000000.0000080429018
2766.16,10000000.0000280272216
2767.16,10000000.0000242386013
2768.16,9999999.9999163933098
2769.16,10000000.0000784061849
2770.16,10000000.0000094939023
2771.16,10000000.0000551342964
2772.16,10000000.0000705812126
2773.16,10000000.0000549182296
2774.16,10000000.0000194758177
2775.16,10000000.0000060405582
2776.16,10000000.0000122636557
2777.16,10000000.0000256784260
2778.16,10000000.0000457298011
2779.16,10000000.0000349897891
2780.16,10000000.0000563710928
2781.16,10000000.0000750869513
2782.16,9999999.9999616481364
2783.16,10000000.0000177994370
2784.16,10000000.0000531896949
2785.16,9999999.9999844059348
2786.16,9999999.9999952297658
2787.16,10000000.0000097900629
2788.16,10000000.0000360589474
2789.16,10000000.0000340845436
2790.16,10000000.0000145938247
2791.16,10000000.0000020489097
2792.16,10000000.0000105760992
2793.16,10000000.0000520050526
2794.16,9999999.9999711569399
2795.16,9999999.9999984465539
2796.16,10000000.0000274907798
2797.16,10000000.0000199619681
2798.16,10000000.0000240188092
2799.16,9999999.9999912641943
2800.16,10000000.0000222921371
2801.16,9999999.9999930057675
2802.16,10000000.0000064354390
2803.16,10000000.0000687111169
2804.16,9999999.9999726302922
2805.16,10000000.0000035520643
2806.16,9999999.9999550711364
2807.16,10000000.0000559911132
2808.16,10000000.0000666212291
2809.16,9999999.9999933484942
2810.16,10000000.0000366587192
2811.16,10000000.0000594928861
2812.16,10000000.0000034291297
2813.16,9999999.9999954849482
2814.16,10000000.0000081397593
2815.16,10000000.0000040531158
2816.16,10000000.0000115688890
2817.16,10000000.0000247899443
2818.16,10000000.0000646915287
2819.16,9999999.9999471735209
2820.16,10000000.0000370461494
2821.16,10000000.0000254493207
2822.16,9999999.9999896381050
2823.16,10000000.0000299904495
2824.16,10000000.0000035259873
2825.16,9999999.9999998267740
2826.16,10000000.0000399406999
2827.16,9999999.9999800901860
2828.16,10000000.0000218190253
2829.16,10000000.0000174511224
